uid,cid,fecha
141,85.0,05/06/2020
141,34.0,05-21-2020
9,137.0,05-31-2020
49,99.0,06/08/2020
19,98.0,06/12/2020
21,107.0,06-16-2020
49,112.0,06-18-2020
36,110.0,06-20-2020
123,104.0,06-22-2020
9,135.0,06-24-2020
57,91.0,06-25-2020
92,153.0,06-29-2020
57,108.0,07/02/2020
21,85.0,07/03/2020
41,49.0,07/04/2020
57,90.0,07/04/2020
2,128.0,07/05/2020
92,155.0,07/05/2020
146,92.0,07-13-2020
57,110.0,07-15-2020
19,138.0,07-18-2020
115,78.0,07-18-2020
146,78.0,07-21-2020
92,154.0,07-21-2020
21,79.0,07-23-2020
33,101.0,07-23-2020
115,31.0,07-24-2020
44,18.0,07-24-2020
46,134.0,07-27-2020
46,132.0,07-29-2020
19,102.0,07-30-2020
57,92.0,07-30-2020
45,132.0,08/02/2020
17,114.0,08/03/2020
16,58.0,08/04/2020
119,106.0,08/10/2020
26,40.0,08/10/2020
16,43.0,08/11/2020
36,117.0,08/11/2020
146,90.0,08-17-2020
141,137.0,08-17-2020
142,152.0,08-17-2020
142,150.0,08-19-2020
63,116.0,08-19-2020
141,131.0,08-20-2020
142,151.0,08-20-2020
119,133.0,08-22-2020
17,99.0,08-22-2020
26,107.0,08-23-2020
36,102.0,08-24-2020
21,135.0,08-24-2020
50,102.0,08-25-2020
6,157.0,08-26-2020
58,81.0,08-26-2020
37,97.0,08-27-2020
75,90.0,08-28-2020
77,8.0,08-29-2020
141,111.0,08-31-2020
1,47.0,09/03/2020
75,92.0,09/08/2020
75,134.0,09/08/2020
46,117.0,09/08/2020
16,66.0,09/09/2020
46,69.0,09/12/2020
90,147.0,09-13-2020
72,151.0,09-16-2020
23,128.0,09-16-2020
70,153.0,09-16-2020
59,92.0,09-16-2020
38,34.0,09-17-2020
1,139.0,09-18-2020
25,126.0,09-18-2020
2,106.0,09-20-2020
22,10.0,09-22-2020
51,145.0,09-22-2020
45,153.0,09-22-2020
49,39.0,09-23-2020
14,128.0,09-26-2020
26,149.0,09-26-2020
36,108.0,09-26-2020
45,19.0,09-27-2020
21,142.0,09-28-2020
87,148.0,09-28-2020
19,104.0,09-30-2020
146,52.0,09-30-2020
19,103.0,10/01/2020
49,148.0,10/01/2020
22,10.0,10/02/2020
141,135.0,10/02/2020
49,113.0,10/02/2020
26,35.0,10/03/2020
141,46.0,10/04/2020
1,138.0,10/05/2020
22,131.0,10/05/2020
115,38.0,10/05/2020
31,148.0,10/05/2020
1,38.0,10/06/2020
105,132.0,10/06/2020
17,88.0,10/07/2020
16,103.0,10/07/2020
54,81.0,10/08/2020
6,82.0,10/08/2020
31,92.0,10/09/2020
41,111.0,10/10/2020
87,149.0,10/11/2020
16,50.0,10/12/2020
35,17.0,10-13-2020
17,98.0,10-15-2020
82,107.0,10-16-2020
87,112.0,10-16-2020
47,85.0,10-16-2020
76,142.0,10-17-2020
87,150.0,10-17-2020
92,115.0,10-18-2020
36,115.0,10-18-2020
63,109.0,10-19-2020
18,85.0,10-20-2020
133,101.0,10-21-2020
38,44.0,10-22-2020
21,150.0,10-23-2020
141,113.0,10-25-2020
1,33.0,10-27-2020
3,148.0,10-29-2020
2,127.0,10-29-2020
45,154.0,10-29-2020
1,140.0,10-30-2020
31,90.0,10-30-2020
31,147.0,10-30-2020
51,154.0,11/02/2020
18,127.0,11/02/2020
24,111.0,11/03/2020
16,52.0,11/04/2020
77,73.0,11/05/2020
92,99.0,11/05/2020
146,61.0,11/06/2020
11,152.0,11/06/2020
52,120.0,11/07/2020
59,90.0,11/07/2020
26,129.0,11/09/2020
18,84.0,11/10/2020
37,135.0,11/10/2020
21,137.0,11/11/2020
62,25.0,11/11/2020
72,104.0,11/11/2020
141,118.0,11/11/2020
37,96.0,11/11/2020
40,126.0,11/12/2020
18,81.0,11/12/2020
16,102.0,11-13-2020
90,108.0,11-13-2020
106,148.0,11-14-2020
17,101.0,11-14-2020
38,141.0,11-16-2020
16,31.0,11-17-2020
17,97.0,11-18-2020
87,151.0,11-19-2020
92,101.0,11-19-2020
24,124.0,11-19-2020
31,149.0,11-20-2020
74,144.0,11-20-2020
2,126.0,11-20-2020
87,101.0,11-20-2020
31,129.0,11-22-2020
21,141.0,11-22-2020
22,156.0,11-23-2020
105,134.0,11-24-2020
141,91.0,11-25-2020
49,147.0,11-25-2020
18,152.0,11-28-2020
92,68.0,11-28-2020
43,139.0,11-29-2020
18,78.0,11-29-2020
141,41.0,11-29-2020
26,32.0,11-29-2020
16,143.0,11-29-2020
48,54.0,11-30-2020
12,128.0,11-30-2020
48,91.0,12/01/2020
115,83.0,12/03/2020
14,127.0,12/03/2020
16,3.0,12/03/2020
141,90.0,12/03/2020
60,149.0,12/03/2020
87,152.0,12/04/2020
11,150.0,12/04/2020
63,110.0,12/04/2020
46,118.0,12/05/2020
22,16.0,12/05/2020
24,152.0,12/06/2020
24,90.0,12/06/2020
18,128.0,12/07/2020
56,115.0,12/07/2020
46,133.0,12/07/2020
62,62.0,12/07/2020
92,114.0,12/07/2020
45,133.0,12/09/2020
14,126.0,12/09/2020
22,5.0,12/10/2020
61,127.0,12/12/2020
87,100.0,12/12/2020
90,149.0,12/12/2020
90,95.0,12/12/2020
141,129.0,12-13-2020
61,122.0,12-13-2020
90,148.0,12-15-2020
119,155.0,12-15-2020
142,55.0,12-15-2020
55,148.0,12-18-2020
55,12.0,12-18-2020
67,120.0,12-19-2020
72,152.0,12-19-2020
61,110.0,12-21-2020
41,112.0,12-21-2020
40,118.0,12-21-2020
106,149.0,12-21-2020
24,156.0,12-22-2020
141,117.0,12-23-2020
82,156.0,12-23-2020
37,122.0,12-23-2020
4,156.0,12-24-2020
75,133.0,12-24-2020
106,120.0,12-24-2020
74,133.0,12-24-2020
46,119.0,12-25-2020
75,132.0,12-25-2020
77,105.0,12-25-2020
92,116.0,12-26-2020
15,97.0,12-26-2020
142,140.0,12-26-2020
73,89.0,12-27-2020
50,103.0,12-27-2020
119,105.0,12-30-2020
26,90.0,12-31-2020
73,73.0,12-31-2020
119,81.0,12-31-2020
142,58.0,01/01/2021
106,147.0,01/01/2021
56,157.0,01/03/2021
90,21.0,01/03/2021
59,91.0,01/04/2021
26,146.0,01/04/2021
37,98.0,01/04/2021
11,81.0,01/05/2021
24,131.0,01/05/2021
10,133.0,01/07/2021
25,155.0,01/07/2021
34,135.0,01/08/2021
14,131.0,01/10/2021
43,137.0,01/10/2021
15,98.0,01/11/2021
56,156.0,01/12/2021
4,87.0,01-15-2021
92,66.0,01-15-2021
22,82.0,01-16-2021
21,151.0,01-17-2021
13,47.0,01-17-2021
24,151.0,01-17-2021
16,87.0,01-17-2021
14,130.0,01-18-2021
47,77.0,01-18-2021
93,81.0,01-18-2021
54,149.0,01-19-2021
62,56.0,01-20-2021
18,107.0,01-21-2021
141,89.0,01-21-2021
22,96.0,01-22-2021
17,106.0,01-22-2021
115,112.0,01-22-2021
50,2.0,01-22-2021
23,127.0,01-23-2021
52,100.0,01-23-2021
92,4.0,01-23-2021
61,83.0,01-23-2021
52,101.0,01-24-2021
141,112.0,01-25-2021
33,99.0,01-25-2021
62,58.0,01-25-2021
10,129.0,01-25-2021
141,130.0,01-27-2021
52,122.0,01-27-2021
92,100.0,01-27-2021
23,109.0,01-27-2021
32,123.0,01-28-2021
142,138.0,01-28-2021
47,86.0,01-29-2021
49,72.0,01-29-2021
67,122.0,01-30-2021
73,71.0,01-30-2021
142,90.0,01-30-2021
15,66.0,01-30-2021
26,113.0,01-30-2021
43,140.0,01-30-2021
57,116.0,01-30-2021
49,74.0,01-31-2021
26,154.0,01-31-2021
87,96.0,02/01/2021
62,59.0,02/02/2021
115,123.0,02/03/2021
26,120.0,02/03/2021
119,107.0,02/04/2021
25,157.0,02/04/2021
34,137.0,02/06/2021
4,157.0,02/06/2021
46,125.0,02/06/2021
141,84.0,02/07/2021
26,105.0,02/07/2021
73,88.0,02/08/2021
146,91.0,02/08/2021
141,124.0,02/09/2021
21,67.0,02/09/2021
141,123.0,02/10/2021
141,117.0,02/10/2021
26,122.0,02/11/2021
13,34.0,02/11/2021
142,103.0,02/12/2021
63,115.0,02-13-2021
115,145.0,02-14-2021
146,63.0,02-14-2021
37,137.0,02-15-2021
18,152.0,02-16-2021
141,149.0,02-16-2021
26,153.0,02-16-2021
6,147.0,02-17-2021
65,78.0,02-18-2021
146,83.0,02-18-2021
115,112.0,02-18-2021
51,144.0,02-19-2021
35,7.0,02-19-2021
26,106.0,02-19-2021
90,109.0,02-20-2021
77,21.0,02-20-2021
36,104.0,02-20-2021
4,142.0,02-21-2021
115,44.0,02-21-2021
115,111.0,02-22-2021
21,152.0,02-22-2021
15,95.0,02-22-2021
141,118.0,02-22-2021
38,142.0,02-23-2021
11,144.0,02-24-2021
26,111.0,02-24-2021
70,135.0,02-25-2021
16,61.0,02-25-2021
55,134.0,02-25-2021
141,44.0,02-25-2021
26,155.0,02-26-2021
16,45.0,02-27-2021
16,122.0,02-27-2021
62,117.0,02-27-2021
46,123.0,02-28-2021
77,19.0,02-28-2021
33,107.0,03/01/2021
26,112.0,03/01/2021
31,69.0,03/02/2021
133,131.0,03/02/2021
141,147.0,03/02/2021
52,121.0,03/02/2021
115,99.0,03/02/2021
35,84.0,03/02/2021
23,110.0,03/03/2021
46,104.0,03/03/2021
11,76.0,03/04/2021
61,109.0,03/06/2021
51,146.0,03/07/2021
16,84.0,03/07/2021
63,23.0,03/07/2021
77,107.0,03/08/2021
54,82.0,03/09/2021
119,118.0,03/09/2021
25,115.0,03/10/2021
119,78.0,03/10/2021
141,148.0,03/11/2021
77,133.0,03/11/2021
76,125.0,03-13-2021
141,119.0,03-13-2021
119,153.0,03-14-2021
70,6.0,03-14-2021
76,143.0,03-15-2021
22,11.0,03-16-2021
47,84.0,03-16-2021
34,92.0,03-17-2021
22,20.0,03-17-2021
51,99.0,03-17-2021
38,48.0,03-18-2021
48,157.0,03-18-2021
115,138.0,03-19-2021
123,115.0,03-19-2021
16,67.0,03-19-2021
141,41.0,03-20-2021
141,37.0,03-20-2021
70,136.0,03-20-2021
19,150.0,03-21-2021
122,91.0,03-21-2021
61,88.0,03-21-2021
54,101.0,03-22-2021
54,102.0,03-22-2021
15,101.0,03-22-2021
25,116.0,03-22-2021
54,71.0,03-22-2021
17,96.0,03-23-2021
93,83.0,03-23-2021
62,118.0,03-23-2021
4,100.0,03-24-2021
87,113.0,03-24-2021
65,83.0,03-25-2021
40,140.0,03-26-2021
37,110.0,03-26-2021
18,77.0,03-27-2021
18,109.0,03-27-2021
54,132.0,03-28-2021
77,119.0,03-28-2021
73,115.0,03-28-2021
115,113.0,03-28-2021
3,149.0,03-28-2021
38,4.0,03-29-2021
48,56.0,03-29-2021
22,93.0,03-30-2021
54,79.0,03-30-2021
62,106.0,03-30-2021
119,89.0,03-30-2021
17,87.0,03-31-2021
122,131.0,03-31-2021
4,89.0,04/01/2021
31,104.0,04/01/2021
48,52.0,04/02/2021
25,153.0,04/02/2021
68,105.0,04/03/2021
40,133.0,04/03/2021
67,153.0,04/03/2021
77,7.0,04/04/2021
97,148.0,04/04/2021
61,87.0,04/04/2021
77,100.0,04/04/2021
17,100.0,04/04/2021
61,76.0,04/04/2021
23,69.0,04/04/2021
48,58.0,04/05/2021
71,133.0,04/06/2021
95,137.0,04/06/2021
12,119.0,04/06/2021
115,77.0,04/07/2021
16,142.0,04/07/2021
77,17.0,04/07/2021
14,123.0,04/07/2021
64,132.0,04/08/2021
39,37.0,04/08/2021
142,102.0,04/09/2021
18,98.0,04/10/2021
92,81.0,04/10/2021
19,122.0,04/10/2021
146,60.0,04/11/2021
22,4.0,04/11/2021
119,86.0,04/11/2021
14,129.0,04/12/2021
16,62.0,04/12/2021
73,87.0,04/12/2021
37,108.0,04/12/2021
56,114.0,04-13-2021
39,49.0,04-13-2021
19,120.0,04-13-2021
54,75.0,04-14-2021
39,48.0,04-14-2021
19,151.0,04-14-2021
90,89.0,04-14-2021
55,147.0,04-14-2021
64,134.0,04-14-2021
41,85.0,04-15-2021
49,149.0,04-15-2021
48,92.0,04-15-2021
18,96.0,04-15-2021
17,116.0,04-15-2021
90,136.0,04-16-2021
119,146.0,04-16-2021
47,140.0,04-17-2021
141,125.0,04-17-2021
115,100.0,04-18-2021
18,144.0,04-18-2021
141,86.0,04-18-2021
46,130.0,04-20-2021
141,47.0,04-20-2021
23,126.0,04-21-2021
65,95.0,04-21-2021
61,114.0,04-21-2021
10,134.0,04-21-2021
15,94.0,04-21-2021
57,90.0,04-22-2021
25,128.0,04-22-2021
24,108.0,04-24-2021
12,148.0,04-24-2021
40,119.0,04-25-2021
115,113.0,04-25-2021
39,157.0,04-25-2021
70,149.0,04-25-2021
67,105.0,04-27-2021
51,73.0,04-27-2021
71,134.0,04-28-2021
90,110.0,04-28-2021
16,106.0,04-28-2021
61,132.0,04-28-2021
92,71.0,04-29-2021
28,116.0,04-30-2021
71,132.0,05/01/2021
54,99.0,05/01/2021
34,90.0,05/01/2021
35,86.0,05/02/2021
122,157.0,05/04/2021
40,134.0,05/04/2021
12,129.0,05/04/2021
49,97.0,05/04/2021
11,77.0,05/05/2021
22,19.0,05/06/2021
90,93.0,05/06/2021
92,74.0,05/06/2021
13,112.0,05/07/2021
87,111.0,05/08/2021
16,89.0,05/08/2021
108,64.0,05/08/2021
65,83.0,05/08/2021
115,48.0,05/09/2021
23,52.0,05/09/2021
39,124.0,05/10/2021
30,111.0,05/10/2021
97,103.0,05/10/2021
34,136.0,05/11/2021
13,134.0,05/11/2021
21,157.0,05/11/2021
108,84.0,05/11/2021
23,57.0,05/12/2021
119,84.0,05-13-2021
49,121.0,05-13-2021
46,131.0,05-14-2021
76,123.0,05-14-2021
18,80.0,05-15-2021
21,86.0,05-15-2021
66,105.0,05-16-2021
14,134.0,05-17-2021
63,108.0,05-17-2021
97,133.0,05-17-2021
36,156.0,05-17-2021
115,157.0,05-18-2021
18,150.0,05-18-2021
122,156.0,05-18-2021
68,120.0,05-18-2021
115,128.0,05-19-2021
49,70.0,05-19-2021
51,142.0,05-19-2021
115,101.0,05-20-2021
23,146.0,05-20-2021
4,85.0,05-21-2021
132,47.0,05-21-2021
32,125.0,05-22-2021
77,4.0,05-22-2021
49,101.0,05-22-2021
45,20.0,05-22-2021
45,81.0,05-23-2021
55,149.0,05-23-2021
18,151.0,05-23-2021
51,143.0,05-24-2021
47,82.0,05-24-2021
44,155.0,05-24-2021
11,151.0,05-25-2021
72,98.0,05-26-2021
8,107.0,05-26-2021
15,1.0,05-26-2021
40,84.0,05-26-2021
65,122.0,05-26-2021
9,136.0,05-27-2021
22,88.0,05-28-2021
70,14.0,05-28-2021
46,129.0,05-28-2021
54,77.0,05-28-2021
36,119.0,05-29-2021
49,111.0,05-29-2021
46,68.0,05-29-2021
15,99.0,05-30-2021
70,108.0,05-31-2021
67,71.0,05-31-2021
90,124.0,05-31-2021
21,61.0,05-31-2021
73,115.0,06/01/2021
27,89.0,06/01/2021
73,47.0,06/01/2021
90,87.0,06/01/2021
3,99.0,06/02/2021
108,86.0,06/02/2021
54,114.0,06/02/2021
44,129.0,06/02/2021
40,70.0,06/02/2021
13,40.0,06/03/2021
43,136.0,06/03/2021
15,5.0,06/04/2021
142,92.0,06/04/2021
90,123.0,06/04/2021
64,133.0,06/05/2021
66,144.0,06/05/2021
26,92.0,06/06/2021
65,102.0,06/06/2021
40,128.0,06/07/2021
146,99.0,06/08/2021
30,10.0,06/08/2021
106,118.0,06/08/2021
65,94.0,06/08/2021
119,77.0,06/08/2021
44,107.0,06/08/2021
123,68.0,06/08/2021
41,126.0,06/08/2021
73,119.0,06/09/2021
106,119.0,06/09/2021
30,132.0,06/09/2021
44,105.0,06/09/2021
23,3.0,06/09/2021
115,111.0,06/10/2021
106,113.0,06/10/2021
106,53.0,06/11/2021
72,96.0,06/11/2021
30,118.0,06/11/2021
30,14.0,06/11/2021
45,8.0,06/11/2021
87,106.0,06/11/2021
23,155.0,06/11/2021
64,143.0,06/12/2021
30,134.0,06/12/2021
48,121.0,06-13-2021
106,112.0,06-13-2021
30,27.0,06-13-2021
58,105.0,06-13-2021
106,111.0,06-14-2021
19,152.0,06-14-2021
72,97.0,06-14-2021
77,5.0,06-15-2021
54,76.0,06-15-2021
54,73.0,06-16-2021
74,132.0,06-16-2021
106,150.0,06-16-2021
52,99.0,06-17-2021
15,85.0,06-17-2021
52,88.0,06-17-2021
54,82.0,06-17-2021
8,105.0,06-17-2021
74,145.0,06-18-2021
23,145.0,06-18-2021
92,145.0,06-18-2021
106,60.0,06-18-2021
106,85.0,06-19-2021
106,58.0,06-19-2021
24,125.0,06-19-2021
21,92.0,06-19-2021
16,157.0,06-19-2021
24,91.0,06-19-2021
39,156.0,06-20-2021
106,151.0,06-20-2021
54,100.0,06-21-2021
4,88.0,06-21-2021
30,119.0,06-21-2021
106,117.0,06-21-2021
3,105.0,06-21-2021
39,56.0,06-21-2021
30,133.0,06-21-2021
97,92.0,06-22-2021
30,117.0,06-22-2021
23,107.0,06-22-2021
119,144.0,06-22-2021
38,65.0,06-22-2021
54,8.0,06-22-2021
73,102.0,06-22-2021
22,77.0,06-23-2021
77,6.0,06-23-2021
1,156.0,06-23-2021
10,106.0,06-24-2021
21,157.0,06-24-2021
73,54.0,06-24-2021
108,103.0,06-25-2021
52,131.0,06-25-2021
146,62.0,06-26-2021
28,137.0,06-26-2021
70,148.0,06-27-2021
25,156.0,06-27-2021
10,132.0,06-27-2021
38,143.0,06-27-2021
18,85.0,06-27-2021
12,118.0,06-28-2021
130,117.0,06-28-2021
18,4.0,06-28-2021
64,142.0,06-29-2021
57,92.0,06-29-2021
54,115.0,06-29-2021
4,126.0,06-29-2021
21,58.0,06-29-2021
4,147.0,06-30-2021
37,131.0,06-30-2021
92,84.0,06-30-2021
62,94.0,06-30-2021
130,155.0,06-30-2021
23,86.0,06-30-2021
45,83.0,06-30-2021
35,109.0,07/01/2021
69,98.0,07/01/2021
30,107.0,07/01/2021
68,107.0,07/01/2021
73,141.0,07/02/2021
16,124.0,07/02/2021
46,139.0,07/02/2021
62,29.0,07/02/2021
68,150.0,07/03/2021
49,4.0,07/03/2021
106,104.0,07/04/2021
59,144.0,07/04/2021
55,89.0,07/04/2021
48,98.0,07/04/2021
4,91.0,07/04/2021
82,105.0,07/04/2021
92,114.0,07/05/2021
41,86.0,07/05/2021
77,2.0,07/05/2021
70,143.0,07/06/2021
15,118.0,07/06/2021
73,143.0,07/06/2021
142,115.0,07/06/2021
4,92.0,07/07/2021
73,48.0,07/07/2021
24,113.0,07/07/2021
77,66.0,07/07/2021
49,100.0,07/07/2021
119,18.0,07/07/2021
3,147.0,07/08/2021
74,50.0,07/08/2021
54,104.0,07/08/2021
32,157.0,07/08/2021
64,148.0,07/08/2021
36,27.0,07/08/2021
23,108.0,07/08/2021
74,35.0,07/09/2021
74,146.0,07/09/2021
106,157.0,07/09/2021
17,107.0,07/10/2021
64,154.0,07/11/2021
59,85.0,07/11/2021
73,118.0,07/11/2021
36,118.0,07/12/2021
90,125.0,07/12/2021
28,115.0,07/12/2021
60,84.0,07-13-2021
4,90.0,07-13-2021
25,127.0,07-13-2021
4,54.0,07-13-2021
10,131.0,07-13-2021
106,156.0,07-13-2021
6,80.0,07-14-2021
38,68.0,07-14-2021
3,102.0,07-15-2021
65,104.0,07-15-2021
29,92.0,07-15-2021
54,103.0,07-15-2021
65,103.0,07-15-2021
16,136.0,07-15-2021
35,108.0,07-15-2021
30,155.0,07-15-2021
142,60.0,07-15-2021
50,87.0,07-15-2021
52,89.0,07-16-2021
106,103.0,07-16-2021
51,141.0,07-16-2021
82,106.0,07-16-2021
18,69.0,07-17-2021
97,147.0,07-17-2021
24,112.0,07-17-2021
26,104.0,07-18-2021
60,148.0,07-18-2021
62,63.0,07-18-2021
119,134.0,07-18-2021
122,140.0,07-18-2021
4,146.0,07-18-2021
72,46.0,07-18-2021
51,100.0,07-18-2021
59,132.0,07-19-2021
70,109.0,07-19-2021
40,85.0,07-20-2021
57,91.0,07-20-2021
108,85.0,07-20-2021
18,86.0,07-20-2021
12,127.0,07-20-2021
90,135.0,07-20-2021
26,4.0,07-20-2021
66,108.0,07-21-2021
46,2.0,07-21-2021
76,124.0,07-22-2021
6,88.0,07-22-2021
62,119.0,07-22-2021
50,67.0,07-22-2021
48,120.0,07-22-2021
21,4.0,07-22-2021
132,24.0,07-23-2021
46,4.0,07-23-2021
106,102.0,07-23-2021
76,110.0,07-23-2021
18,105.0,07-23-2021
142,54.0,07-24-2021
64,141.0,07-24-2021
30,154.0,07-25-2021
60,146.0,07-25-2021
12,126.0,07-25-2021
58,132.0,07-25-2021
62,93.0,07-25-2021
49,118.0,07-25-2021
69,96.0,07-25-2021
66,138.0,07-26-2021
68,122.0,07-27-2021
14,104.0,07-27-2021
76,120.0,07-27-2021
50,104.0,07-27-2021
27,87.0,07-28-2021
73,140.0,07-28-2021
133,130.0,07-28-2021
55,87.0,07-29-2021
3,133.0,07-29-2021
105,133.0,07-29-2021
66,127.0,07-29-2021
36,86.0,07-29-2021
51,101.0,07-30-2021
76,84.0,07-30-2021
65,93.0,07-30-2021
61,81.0,07-30-2021
22,95.0,07-30-2021
61,89.0,07-31-2021
26,90.0,07-31-2021
146,77.0,07-31-2021
45,76.0,07-31-2021
26,103.0,08/01/2021
54,81.0,08/01/2021
132,49.0,08/01/2021
60,99.0,08/01/2021
23,5.0,08/01/2021
54,27.0,08/01/2021
54,102.0,08/02/2021
119,103.0,08/02/2021
26,102.0,08/02/2021
119,102.0,08/02/2021
50,97.0,08/02/2021
60,86.0,08/03/2021
38,37.0,08/03/2021
26,69.0,08/03/2021
34,155.0,08/03/2021
48,151.0,08/03/2021
7,145.0,08/04/2021
76,108.0,08/04/2021
59,146.0,08/05/2021
76,109.0,08/05/2021
26,2.0,08/05/2021
77,134.0,08/06/2021
12,92.0,08/06/2021
54,17.0,08/06/2021
105,145.0,08/06/2021
14,116.0,08/06/2021
21,156.0,08/07/2021
52,140.0,08/07/2021
66,126.0,08/08/2021
34,153.0,08/08/2021
49,105.0,08/08/2021
46,103.0,08/08/2021
56,141.0,08/08/2021
52,87.0,08/08/2021
4,102.0,08/08/2021
16,135.0,08/08/2021
60,101.0,08/09/2021
73,104.0,08/09/2021
92,146.0,08/09/2021
3,104.0,08/09/2021
58,78.0,08/10/2021
122,126.0,08/10/2021
39,126.0,08/10/2021
70,141.0,08/10/2021
40,132.0,08/11/2021
60,85.0,08/11/2021
51,113.0,08/11/2021
3,43.0,08/12/2021
14,133.0,08/12/2021
22,118.0,08/12/2021
54,147.0,08/12/2021
76,92.0,08/12/2021
51,112.0,08/12/2021
35,19.0,08/12/2021
115,127.0,08/12/2021
28,114.0,08/12/2021
66,121.0,08/12/2021
62,15.0,08/12/2021
76,121.0,08-13-2021
66,140.0,08-13-2021
44,99.0,08-13-2021
134,136.0,08-13-2021
133,79.0,08-13-2021
146,89.0,08-13-2021
34,154.0,08-13-2021
3,100.0,08-14-2021
4,128.0,08-14-2021
48,152.0,08-15-2021
119,87.0,08-15-2021
44,139.0,08-15-2021
14,116.0,08-16-2021
23,110.0,08-16-2021
97,85.0,08-16-2021
71,135.0,08-16-2021
66,109.0,08-16-2021
4,148.0,08-16-2021
90,2.0,08-16-2021
49,109.0,08-17-2021
7,144.0,08-17-2021
59,134.0,08-17-2021
119,88.0,08-17-2021
122,127.0,08-18-2021
14,114.0,08-18-2021
14,124.0,08-18-2021
44,112.0,08-18-2021
37,133.0,08-19-2021
45,115.0,08-19-2021
23,121.0,08-19-2021
23,109.0,08-19-2021
63,17.0,08-20-2021
122,90.0,08-20-2021
74,134.0,08-20-2021
15,96.0,08-20-2021
54,28.0,08-21-2021
24,109.0,08-21-2021
49,89.0,08-21-2021
22,26.0,08-21-2021
23,85.0,08-21-2021
76,90.0,08-22-2021
70,24.0,08-22-2021
12,5.0,08-23-2021
97,90.0,08-23-2021
123,114.0,08-23-2021
132,23.0,08-24-2021
133,80.0,08-24-2021
115,42.0,08-24-2021
119,102.0,08-24-2021
39,125.0,08-24-2021
134,153.0,08-24-2021
68,157.0,08-24-2021
60,89.0,08-25-2021
52,129.0,08-25-2021
115,143.0,08-25-2021
60,142.0,08-26-2021
122,129.0,08-26-2021
4,149.0,08-26-2021
7,138.0,08-26-2021
23,120.0,08-26-2021
35,110.0,08-27-2021
4,86.0,08-27-2021
66,120.0,08-27-2021
7,93.0,08-27-2021
4,103.0,08-27-2021
1,90.0,08-27-2021
108,137.0,08-27-2021
63,27.0,08-27-2021
7,104.0,08-27-2021
115,142.0,08-27-2021
60,143.0,08-27-2021
64,86.0,08-28-2021
50,144.0,08-29-2021
19,121.0,08-29-2021
39,73.0,08-29-2021
67,73.0,08-29-2021
4,131.0,08-29-2021
77,118.0,08-29-2021
82,119.0,08-30-2021
76,116.0,08-30-2021
82,136.0,08-30-2021
4,130.0,08-30-2021
36,84.0,08-30-2021
41,114.0,08-30-2021
82,137.0,08-30-2021
45,80.0,08-30-2021
15,2.0,08-30-2021
36,3.0,08-31-2021
66,124.0,08-31-2021
55,125.0,08-31-2021
108,135.0,08-31-2021
82,135.0,08-31-2021
67,37.0,09/01/2021
36,157.0,09/01/2021
50,66.0,09/01/2021
133,77.0,09/01/2021
60,147.0,09/01/2021
16,141.0,09/01/2021
60,141.0,09/02/2021
13,132.0,09/02/2021
66,128.0,09/02/2021
68,58.0,09/02/2021
14,102.0,09/02/2021
44,130.0,09/03/2021
11,130.0,09/03/2021
66,75.0,09/03/2021
82,118.0,09/03/2021
82,117.0,09/03/2021
66,145.0,09/03/2021
22,89.0,09/03/2021
133,82.0,09/03/2021
17,115.0,09/04/2021
90,35.0,09/05/2021
134,118.0,09/05/2021
64,88.0,09/05/2021
76,91.0,09/05/2021
50,118.0,09/05/2021
58,35.0,09/05/2021
69,136.0,09/05/2021
37,129.0,09/06/2021
87,105.0,09/06/2021
23,2.0,09/06/2021
12,90.0,09/06/2021
142,106.0,09/06/2021
90,113.0,09/06/2021
97,84.0,09/06/2021
92,121.0,09/07/2021
142,81.0,09/07/2021
23,64.0,09/07/2021
23,112.0,09/07/2021
142,104.0,09/07/2021
60,100.0,09/08/2021
65,76.0,09/08/2021
44,111.0,09/08/2021
133,76.0,09/08/2021
70,137.0,09/09/2021
44,131.0,09/09/2021
44,98.0,09/09/2021
122,138.0,09/09/2021
72,103.0,09/10/2021
70,154.0,09/10/2021
66,123.0,09/10/2021
6,78.0,09/10/2021
54,134.0,09/10/2021
60,144.0,09/10/2021
7,96.0,09/10/2021
66,87.0,09/11/2021
108,104.0,09/11/2021
37,132.0,09/11/2021
4,84.0,09/11/2021
73,35.0,09/11/2021
76,115.0,09/12/2021
55,88.0,09/12/2021
142,51.0,09-13-2021
66,72.0,09-13-2021
23,144.0,09-13-2021
52,128.0,09-13-2021
55,123.0,09-13-2021
46,66.0,09-13-2021
90,34.0,09-13-2021
73,108.0,09-14-2021
90,39.0,09-14-2021
23,111.0,09-14-2021
142,107.0,09-14-2021
58,107.0,09-15-2021
39,135.0,09-15-2021
22,69.0,09-15-2021
90,112.0,09-15-2021
55,22.0,09-16-2021
134,115.0,09-16-2021
49,94.0,09-17-2021
108,102.0,09-17-2021
23,156.0,09-18-2021
64,87.0,09-18-2021
108,95.0,09-18-2021
76,85.0,09-18-2021
3,101.0,09-18-2021
97,149.0,09-18-2021
55,124.0,09-19-2021
23,108.0,09-19-2021
40,86.0,09-19-2021
76,86.0,09-19-2021
12,68.0,09-19-2021
16,123.0,09-19-2021
46,102.0,09-19-2021
23,134.0,09-19-2021
73,89.0,09-19-2021
59,133.0,09-19-2021
74,46.0,09-20-2021
37,109.0,09-20-2021
44,113.0,09-20-2021
76,122.0,09-20-2021
3,134.0,09-20-2021
23,133.0,09-20-2021
133,140.0,09-20-2021
60,87.0,09-21-2021
55,9.0,09-21-2021
3,132.0,09-21-2021
66,125.0,09-21-2021
23,113.0,09-21-2021
133,142.0,09-21-2021
11,90.0,09-21-2021
35,82.0,09-21-2021
90,111.0,09-21-2021
40,102.0,09-22-2021
64,84.0,09-22-2021
61,128.0,09-22-2021
22,21.0,09-23-2021
52,139.0,09-23-2021
43,104.0,09-23-2021
59,145.0,09-23-2021
41,116.0,09-23-2021
49,66.0,09-24-2021
130,113.0,09-24-2021
77,67.0,09-24-2021
44,102.0,09-24-2021
130,157.0,09-24-2021
39,91.0,09-24-2021
92,115.0,09-25-2021
73,109.0,09-25-2021
7,98.0,09-26-2021
66,139.0,09-26-2021
130,111.0,09-26-2021
69,97.0,09-26-2021
130,156.0,09-26-2021
43,151.0,09-26-2021
43,74.0,09-27-2021
26,105.0,09-27-2021
43,139.0,09-27-2021
14,115.0,09-28-2021
119,79.0,09-28-2021
2,107.0,09-28-2021
41,84.0,09-29-2021
56,143.0,09-29-2021
90,49.0,09-29-2021
67,31.0,09-29-2021
21,78.0,09-29-2021
133,156.0,09-30-2021
32,116.0,09-30-2021
133,144.0,09-30-2021
44,154.0,09-30-2021
67,44.0,09-30-2021
36,151.0,10/01/2021
61,121.0,10/01/2021
133,145.0,10/01/2021
43,152.0,10/01/2021
68,102.0,10/01/2021
44,86.0,10/01/2021
32,62.0,10/03/2021
12,3.0,10/03/2021
133,157.0,10/03/2021
43,102.0,10/03/2021
55,27.0,10/03/2021
97,102.0,10/04/2021
22,98.0,10/05/2021
43,25.0,10/05/2021
48,55.0,10/05/2021
27,91.0,10/05/2021
73,103.0,10/05/2021
90,47.0,10/05/2021
36,114.0,10/05/2021
18,145.0,10/05/2021
43,115.0,10/06/2021
50,98.0,10/06/2021
73,138.0,10/06/2021
44,93.0,10/06/2021
90,23.0,10/06/2021
142,143.0,10/07/2021
16,86.0,10/07/2021
73,110.0,10/07/2021
30,113.0,10/07/2021
59,84.0,10/08/2021
49,87.0,10/08/2021
26,148.0,10/08/2021
68,63.0,10/08/2021
44,153.0,10/08/2021
25,114.0,10/08/2021
67,32.0,10/08/2021
64,85.0,10/09/2021
32,54.0,10/09/2021
16,124.0,10/09/2021
115,140.0,10/10/2021
119,89.0,10/10/2021
12,89.0,10/10/2021
133,110.0,10/11/2021
67,74.0,10/11/2021
23,122.0,10/11/2021
49,110.0,10/11/2021
141,92.0,10/12/2021
36,85.0,10/12/2021
68,114.0,10/12/2021
22,87.0,10/12/2021
50,69.0,10/12/2021
30,106.0,10/12/2021
68,151.0,10/12/2021
119,85.0,10/12/2021
87,99.0,10/12/2021
119,87.0,10-13-2021
97,106.0,10-13-2021
21,156.0,10-13-2021
50,117.0,10-14-2021
43,103.0,10-14-2021
23,67.0,10-14-2021
146,88.0,10-14-2021
132,6.0,10-15-2021
132,37.0,10-15-2021
50,122.0,10-15-2021
6,156.0,10-15-2021
97,132.0,10-16-2021
13,157.0,10-16-2021
119,80.0,10-16-2021
49,93.0,10-16-2021
37,130.0,10-17-2021
134,154.0,10-17-2021
134,153.0,10-17-2021
50,96.0,10-18-2021
108,93.0,10-18-2021
27,88.0,10-18-2021
67,72.0,10-18-2021
65,80.0,10-18-2021
44,106.0,10-19-2021
44,101.0,10-19-2021
90,17.0,10-19-2021
22,129.0,10-20-2021
30,153.0,10-20-2021
70,136.0,10-20-2021
21,77.0,10-20-2021
40,74.0,10-20-2021
97,104.0,10-21-2021
16,137.0,10-21-2021
45,138.0,10-21-2021
8,106.0,10-21-2021
44,94.0,10-21-2021
105,99.0,10-21-2021
130,112.0,10-21-2021
44,103.0,10-21-2021
7,140.0,10-21-2021
36,103.0,10-21-2021
30,105.0,10-21-2021
56,99.0,10-22-2021
56,101.0,10-22-2021
73,88.0,10-22-2021
6,89.0,10-22-2021
36,67.0,10-22-2021
44,106.0,10-22-2021
16,48.0,10-22-2021
3,103.0,10-23-2021
61,82.0,10-23-2021
56,142.0,10-23-2021
70,137.0,10-23-2021
67,70.0,10-23-2021
2,105.0,10-23-2021
68,104.0,10-23-2021
68,52.0,10-23-2021
66,71.0,10-24-2021
52,117.0,10-24-2021
146,87.0,10-25-2021
71,79.0,10-25-2021
55,10.0,10-25-2021
66,146.0,10-25-2021
134,117.0,10-25-2021
33,95.0,10-26-2021
93,82.0,10-26-2021
40,127.0,10-26-2021
16,85.0,10-26-2021
52,127.0,10-26-2021
25,154.0,10-27-2021
52,130.0,10-27-2021
33,87.0,10-27-2021
142,105.0,10-27-2021
70,135.0,10-27-2021
58,133.0,10-28-2021
141,119.0,10-28-2021
43,143.0,10-28-2021
16,125.0,10-29-2021
14,109.0,10-29-2021
61,126.0,10-29-2021
122,128.0,10-30-2021
11,129.0,10-30-2021
48,156.0,10-30-2021
43,116.0,10-30-2021
18,146.0,10-31-2021
33,100.0,10-31-2021
108,144.0,10-31-2021
108,84.0,10-31-2021
58,106.0,10-31-2021
132,8.0,11/01/2021
97,134.0,11/01/2021
67,39.0,11/01/2021
36,104.0,11/01/2021
40,139.0,11/01/2021
87,147.0,11/01/2021
41,35.0,11/01/2021
36,116.0,11/01/2021
7,5.0,11/01/2021
61,108.0,11/02/2021
43,16.0,11/02/2021
66,122.0,11/02/2021
67,143.0,11/02/2021
8,85.0,11/03/2021
115,156.0,11/03/2021
22,157.0,11/03/2021
8,154.0,11/03/2021
44,104.0,11/03/2021
8,70.0,11/03/2021
8,86.0,11/03/2021
8,84.0,11/04/2021
59,97.0,11/04/2021
40,138.0,11/04/2021
108,129.0,11/04/2021
146,137.0,11/04/2021
8,116.0,11/05/2021
59,106.0,11/05/2021
8,59.0,11/05/2021
77,117.0,11/05/2021
134,135.0,11/05/2021
93,155.0,11/05/2021
15,112.0,11/05/2021
8,128.0,11/06/2021
43,114.0,11/06/2021
8,155.0,11/06/2021
22,97.0,11/06/2021
8,126.0,11/06/2021
8,153.0,11/06/2021
26,91.0,11/06/2021
59,96.0,11/07/2021
142,77.0,11/07/2021
130,3.0,11/07/2021
8,127.0,11/07/2021
17,89.0,11/07/2021
41,115.0,11/07/2021
72,150.0,11/07/2021
24,150.0,11/07/2021
20,131.0,11/08/2021
52,138.0,11/08/2021
5,87.0,11/09/2021
36,7.0,11/09/2021
44,110.0,11/10/2021
50,119.0,11/10/2021
20,129.0,11/10/2021
66,106.0,11/10/2021
23,60.0,11/11/2021
7,139.0,11/11/2021
39,90.0,11/11/2021
93,154.0,11/11/2021
37,75.0,11/11/2021
32,138.0,11/11/2021
39,143.0,11/11/2021
12,66.0,11/12/2021
43,30.0,11/12/2021
23,105.0,11/12/2021
119,104.0,11-13-2021
67,107.0,11-13-2021
133,143.0,11-13-2021
1,157.0,11-13-2021
37,72.0,11-13-2021
105,101.0,11-13-2021
97,86.0,11-13-2021
7,94.0,11-13-2021
39,51.0,11-13-2021
5,88.0,11-14-2021
108,145.0,11-14-2021
90,137.0,11-14-2021
22,55.0,11-15-2021
61,120.0,11-15-2021
134,154.0,11-15-2021
43,150.0,11-15-2021
119,132.0,11-15-2021
134,155.0,11-16-2021
40,139.0,11-16-2021
54,18.0,11-16-2021
26,147.0,11-16-2021
58,134.0,11-17-2021
40,138.0,11-17-2021
97,107.0,11-17-2021
14,35.0,11-17-2021
77,147.0,11-17-2021
62,95.0,11-17-2021
36,150.0,11-17-2021
22,133.0,11-18-2021
23,140.0,11-18-2021
65,77.0,11-18-2021
22,56.0,11-19-2021
59,105.0,11-19-2021
44,96.0,11-19-2021
33,93.0,11-19-2021
68,152.0,11-19-2021
132,149.0,11-19-2021
36,152.0,11-19-2021
7,146.0,11-19-2021
13,156.0,11-20-2021
7,65.0,11-20-2021
134,119.0,11-20-2021
13,42.0,11-20-2021
23,64.0,11-20-2021
32,123.0,11-20-2021
25,153.0,11-20-2021
132,148.0,11-21-2021
22,107.0,11-21-2021
48,122.0,11-21-2021
43,20.0,11-21-2021
37,70.0,11-21-2021
39,128.0,11-22-2021
22,116.0,11-22-2021
14,42.0,11-22-2021
37,71.0,11-22-2021
44,97.0,11-22-2021
68,56.0,11-22-2021
32,156.0,11-22-2021
53,65.0,11-23-2021
134,137.0,11-23-2021
119,143.0,11-23-2021
53,131.0,11-23-2021
12,117.0,11-23-2021
39,127.0,11-23-2021
22,133.0,11-23-2021
53,68.0,11-23-2021
123,103.0,11-23-2021
15,111.0,11-24-2021
43,135.0,11-24-2021
48,97.0,11-24-2021
53,1.0,11-24-2021
130,60.0,11-25-2021
56,116.0,11-25-2021
77,132.0,11-25-2021
108,86.0,11-25-2021
64,155.0,11-25-2021
74,138.0,11-26-2021
12,4.0,11-26-2021
18,126.0,11-26-2021
33,105.0,11-26-2021
14,151.0,11-26-2021
5,89.0,11-27-2021
71,82.0,11-27-2021
22,146.0,11-27-2021
52,126.0,11-27-2021
49,122.0,11-27-2021
119,142.0,11-27-2021
46,110.0,11-27-2021
97,9.0,11-27-2021
44,105.0,11-27-2021
22,60.0,11-27-2021
119,99.0,11-28-2021
8,139.0,11-28-2021
31,125.0,11-28-2021
12,91.0,11-28-2021
24,123.0,11-28-2021
142,75.0,11-28-2021
44,107.0,11-28-2021
73,116.0,11-28-2021
48,96.0,11-29-2021
119,88.0,11-29-2021
44,95.0,11-29-2021
87,107.0,11-29-2021
54,96.0,11-29-2021
39,123.0,11-30-2021
54,137.0,11-30-2021
15,146.0,11-30-2021
22,145.0,11-30-2021
33,106.0,12/01/2021
22,132.0,12/01/2021
14,110.0,12/01/2021
36,102.0,12/01/2021
59,157.0,12/01/2021
108,146.0,12/01/2021
36,5.0,12/01/2021
64,153.0,12/02/2021
119,101.0,12/02/2021
68,106.0,12/02/2021
33,88.0,12/03/2021
132,137.0,12/03/2021
28,132.0,12/03/2021
54,136.0,12/03/2021
65,121.0,12/03/2021
33,143.0,12/03/2021
18,106.0,12/03/2021
21,143.0,12/03/2021
13,133.0,12/03/2021
25,1.0,12/03/2021
119,88.0,12/03/2021
15,113.0,12/03/2021
22,156.0,12/03/2021
14,108.0,12/03/2021
22,106.0,12/04/2021
59,94.0,12/04/2021
66,89.0,12/04/2021
108,131.0,12/04/2021
93,153.0,12/05/2021
39,62.0,12/05/2021
22,150.0,12/05/2021
32,114.0,12/05/2021
22,61.0,12/05/2021
68,156.0,12/05/2021
68,54.0,12/05/2021
119,87.0,12/05/2021
12,147.0,12/06/2021
73,114.0,12/06/2021
44,100.0,12/06/2021
40,104.0,12/06/2021
8,135.0,12/06/2021
122,92.0,12/06/2021
68,103.0,12/06/2021
16,92.0,12/07/2021
22,157.0,12/07/2021
133,145.0,12/07/2021
119,107.0,12/07/2021
92,94.0,12/08/2021
39,74.0,12/08/2021
133,129.0,12/08/2021
22,134.0,12/08/2021
43,88.0,12/08/2021
105,100.0,12/09/2021
63,145.0,12/09/2021
23,61.0,12/09/2021
25,67.0,12/09/2021
73,37.0,12/09/2021
24,157.0,12/09/2021
92,84.0,12/09/2021
92,96.0,12/10/2021
105,91.0,12/10/2021
142,116.0,12/10/2021
18,151.0,12/10/2021
46,124.0,12/10/2021
66,88.0,12/10/2021
92,105.0,12/10/2021
22,115.0,12/11/2021
75,156.0,12/11/2021
70,29.0,12/11/2021
132,147.0,12/11/2021
24,110.0,12/11/2021
75,145.0,12/11/2021
54,129.0,12/11/2021
123,102.0,12/11/2021
119,132.0,12/12/2021
75,144.0,12/12/2021
10,107.0,12/12/2021
40,140.0,12/12/2021
67,155.0,12/12/2021
75,110.0,12/12/2021
59,98.0,12/12/2021
92,97.0,12-13-2021
31,103.0,12-13-2021
14,9.0,12-13-2021
73,142.0,12-13-2021
92,107.0,12-13-2021
8,140.0,12-13-2021
46,134.0,12-13-2021
92,85.0,12-13-2021
119,105.0,12-13-2021
75,103.0,12-13-2021
16,84.0,12-13-2021
92,86.0,12-13-2021
63,144.0,12-13-2021
69,137.0,12-13-2021
75,104.0,12-13-2021
92,106.0,12-13-2021
49,88.0,12-13-2021
8,138.0,12-14-2021
44,143.0,12-14-2021
77,106.0,12-14-2021
106,107.0,12-14-2021
75,102.0,12-14-2021
106,106.0,12-14-2021
75,108.0,12-14-2021
66,99.0,12-14-2021
75,109.0,12-15-2021
75,86.0,12-15-2021
22,88.0,12-15-2021
75,157.0,12-15-2021
115,141.0,12-15-2021
75,146.0,12-15-2021
35,85.0,12-15-2021
106,99.0,12-15-2021
7,131.0,12-15-2021
14,18.0,12-15-2021
22,151.0,12-15-2021
92,144.0,12-15-2021
75,85.0,12-15-2021
119,134.0,12-16-2021
22,87.0,12-16-2021
142,149.0,12-16-2021
142,73.0,12-16-2021
142,71.0,12-16-2021
142,147.0,12-16-2021
75,84.0,12-16-2021
22,134.0,12-17-2021
23,154.0,12-17-2021
119,141.0,12-17-2021
70,155.0,12-17-2021
36,103.0,12-17-2021
26,106.0,12-17-2021
39,92.0,12-17-2021
31,124.0,12-17-2021
39,141.0,12-18-2021
7,129.0,12-18-2021
44,75.0,12-18-2021
7,154.0,12-18-2021
106,150.0,12-18-2021
70,142.0,12-18-2021
141,121.0,12-19-2021
119,133.0,12-19-2021
7,153.0,12-19-2021
14,150.0,12-19-2021
106,115.0,12-19-2021
33,89.0,12-19-2021
40,73.0,12-19-2021
54,131.0,12-19-2021
54,135.0,12-19-2021
90,67.0,12-19-2021
22,105.0,12-20-2021
7,156.0,12-20-2021
106,152.0,12-20-2021
36,69.0,12-20-2021
43,87.0,12-20-2021
46,133.0,12-21-2021
106,104.0,12-21-2021
142,139.0,12-21-2021
8,86.0,12-21-2021
63,114.0,12-21-2021
119,106.0,12-21-2021
22,52.0,12-21-2021
33,141.0,12-21-2021
7,157.0,12-21-2021
22,89.0,12-21-2021
74,139.0,12-21-2021
40,72.0,12-21-2021
106,116.0,12-21-2021
56,134.0,12-21-2021
66,107.0,12-22-2021
106,107.0,12-22-2021
106,133.0,12-22-2021
45,116.0,12-23-2021
73,87.0,12-23-2021
106,103.0,12-23-2021
48,150.0,12-23-2021
66,110.0,12-23-2021
72,102.0,12-24-2021
14,103.0,12-24-2021
67,142.0,12-24-2021
130,56.0,12-24-2021
32,139.0,12-24-2021
23,53.0,12-24-2021
22,144.0,12-24-2021
69,135.0,12-24-2021
7,130.0,12-24-2021
7,155.0,12-24-2021
67,141.0,12-24-2021
142,148.0,12-25-2021
16,156.0,12-25-2021
32,52.0,12-25-2021
36,21.0,12-25-2021
106,106.0,12-25-2021
16,123.0,12-25-2021
31,102.0,12-25-2021
59,156.0,12-26-2021
32,115.0,12-26-2021
132,136.0,12-26-2021
16,125.0,12-26-2021
65,80.0,12-26-2021
39,142.0,12-26-2021
106,102.0,12-27-2021
119,89.0,12-27-2021
106,151.0,12-27-2021
106,114.0,12-27-2021
97,105.0,12-27-2021
43,9.0,12-27-2021
106,105.0,12-27-2021
54,123.0,12-27-2021
23,106.0,12-28-2021
31,123.0,12-28-2021
23,51.0,12-28-2021
106,100.0,12-28-2021
132,135.0,12-28-2021
106,134.0,12-28-2021
33,142.0,12-29-2021
97,22.0,12-29-2021
106,101.0,12-29-2021
22,60.0,12-29-2021
46,132.0,12-29-2021
49,120.0,12-29-2021
23,139.0,12-29-2021
15,145.0,12-29-2021
59,107.0,12-29-2021
11,131.0,12-29-2021
106,89.0,12-29-2021
106,87.0,12-29-2021
18,150.0,12-30-2021
45,92.0,05/05/2020
72,72.0,07/07/2020
72,71.0,07/07/2020
12,71.0,08/12/2020
15,139.0,08/01/2020
115,90.0,06-15-2020
15,140.0,08/01/2020
2,75.0,06/11/2020
45,90.0,05/05/2020
72,73.0,07/07/2020
72,70.0,07/07/2020
72,75.0,07/07/2020
51,92.0,08/07/2020
15,138.0,08/01/2020
12,75.0,08/12/2020
61,91.0,07-23-2020
115,92.0,06-15-2020
61,92.0,07-23-2020
61,90.0,07-23-2020
22,140.0,09-21-2020
46,73.0,08/04/2020
28,91.0,02-13-2021
77,72.0,02-13-2021
115,91.0,06-15-2020
61,92.0,07-23-2020
93,94.0,03/06/2021
93,93.0,03/06/2021
115,92.0,06-15-2020
115,91.0,06-15-2020
28,90.0,02-13-2021
73,72.0,02/07/2021
46,74.0,08/04/2020
12,74.0,08/12/2020
50,95.0,04-17-2021
50,94.0,04-17-2021
12,70.0,08/12/2020
77,75.0,02-13-2021
82,139.0,09-15-2020
82,140.0,09-15-2020
82,138.0,09-15-2020
90,140.0,10/12/2020
13,71.0,01/07/2021
63,93.0,10-13-2020
49,70.0,06-30-2021
49,140.0,08-16-2021
50,93.0,04-17-2021
22,139.0,09-21-2020
28,92.0,02-13-2021
43,75.0,09-27-2021
13,73.0,01/07/2021
49,71.0,06-30-2021
90,139.0,10/12/2020
90,138.0,10/12/2020
115,90.0,06-15-2020
50,74.0,05-31-2021
49,138.0,08-16-2021
119,90.0,08-18-2020
119,72.0,11/01/2020
119,73.0,11/01/2020
43,73.0,09-27-2021
49,139.0,08-16-2021
73,74.0,02/07/2021
8,75.0,11/03/2021
8,92.0,02-16-2021
8,71.0,11/03/2021
8,73.0,11/03/2021
8,91.0,02-16-2021
8,72.0,11/03/2021
8,90.0,02-16-2021
46,71.0,08/04/2020
5,93.0,11/09/2021
119,70.0,11/01/2020
5,94.0,11/09/2021
46,74.0,08/04/2020
5,95.0,11/09/2021
49,74.0,06-30-2021
132,70.0,11-19-2021
22,140.0,09-21-2020
132,71.0,11-19-2021
49,73.0,06-30-2021
132,75.0,11-19-2021
46,72.0,08/04/2020
43,72.0,09-27-2021
92,93.0,12/08/2021
92,95.0,12/08/2021
43,74.0,09-27-2021
61,90.0,07-23-2020
132,72.0,11-19-2021
46,75.0,08/04/2020
22,139.0,09-21-2020
119,71.0,11/01/2020
22,138.0,09-21-2020
49,71.0,06-30-2021
73,70.0,02/07/2021
