pago_id,fecha,subs_id
9609,2021-02-16,336
6495,2021-09-02,11
8369,2021-05-13,206
9625,2021-08-21,337
8598,2021-10-17,230
9693,2020-11-13,343
7723,2021-10-24,141
9895,2021-05-23,364
9409,2021-10-30,316
9717,2020-11-30,346
10113,2020-10-25,398
8075,2021-07-09,177
7735,2021-07-03,143
6422,2021-08-01,5
9058,2020-11-04,277
10339,2021-03-13,417
7036,2021-10-15,65
10345,2021-09-13,417
7538,2021-10-21,123
9403,2021-09-09,315
6952,2021-05-28,57
10228,2021-10-05,409
8670,2021-01-16,239
9596,2021-07-23,332
6655,2021-04-25,28
8857,2021-02-07,258
9639,2021-05-28,338
9663,2021-10-20,340
9118,2020-11-04,285
8097,2020-10-28,180
9797,2021-08-20,352
6728,2021-02-11,36
8512,2021-12-14,222
8214,2021-09-30,191
9054,2021-12-29,276
6507,2020-09-18,13
10353,2020-12-12,419
8157,2021-07-07,186
7861,2020-08-14,155
7175,2021-10-20,83
7417,2021-07-13,111
8798,2021-11-12,251
8161,2021-11-07,186
10325,2021-06-04,416
7211,2021-02-04,88
6760,2021-01-05,39
9332,2021-10-26,305
8392,2021-10-21,208
10129,2020-11-22,400
9845,2021-09-30,358
6731,2021-05-11,36
8119,2021-04-25,182
9406,2021-07-30,316
8004,2021-06-02,170
8981,2021-03-28,269
7532,2021-04-21,123
8995,2020-12-28,269
10190,2021-10-30,406
7768,2021-09-23,145
6792,2020-08-22,42
7369,2021-05-08,106
6583,2021-10-07,22
7366,2021-02-08,106
8509,2020-08-09,221
8079,2021-05-28,178
6914,2020-12-24,53
8633,2021-05-13,234
9826,2020-08-18,357
10039,2021-09-16,379
9605,2021-07-15,335
7283,2021-05-09,97
6603,2021-06-06,24
8826,2020-12-23,255
8876,2021-01-03,259
8866,2021-11-07,258
9492,2021-01-25,324
7033,2021-07-15,65
6988,2020-11-17,62
6973,2021-01-29,60
10348,2021-12-13,417
7453,2020-11-17,116
10028,2021-08-12,377
8680,2021-11-16,239
8878,2021-03-03,259
6978,2021-06-28,60
8315,2021-12-01,200
9938,2021-01-14,369
9175,2021-07-01,291
6681,2021-07-25,32
6753,2021-06-22,38
10219,2021-01-05,409
9684,2021-09-25,342
9248,2021-12-29,298
8860,2021-05-07,258
7744,2020-09-04,144
9790,2021-01-20,352
7249,2021-09-15,90
8890,2021-05-08,260
7222,2020-05-15,89
6454,2021-06-10,7
6832,2021-09-11,45
6389,2020-10-21,3
6714,2020-10-15,35
6970,2020-10-29,60
9834,2021-04-18,357
8244,2021-12-06,193
6833,2021-10-11,45
9934,2020-09-14,369
8217,2021-12-30,191
7797,2021-12-10,149
9490,2020-11-25,324
8746,2021-01-15,247
7898,2021-10-17,158
8561,2021-06-15,228
8368,2021-04-13,206
8709,2021-04-02,244
9610,2021-03-16,336
7794,2020-10-20,148
8190,2021-09-11,188
8351,2021-06-29,205
9762,2021-11-30,350
6747,2021-07-09,37
7546,2020-11-11,124
9007,2021-07-29,271
9320,2020-10-26,305
8741,2020-08-15,247
10251,2021-03-24,411
9424,2020-12-21,320
8592,2021-04-17,230
7248,2021-08-15,90
7903,2021-09-02,159
10090,2021-02-08,389
8824,2020-10-23,255
6513,2021-03-18,13
6773,2021-10-17,40
10297,2020-09-28,415
8747,2021-02-15,247
9619,2021-12-16,336
6794,2020-10-22,42
6729,2021-03-11,36
6666,2021-06-17,29
8819,2021-11-23,254
7959,2021-11-08,166
9942,2021-05-14,369
9629,2021-12-21,337
10216,2021-09-24,408
9443,2021-04-13,321
9977,2021-12-21,372
10242,2021-07-14,410
9235,2021-08-16,297
9153,2021-08-13,287
8937,2021-12-24,263
7818,2021-09-28,151
8313,2021-10-01,200
6844,2021-02-28,46
8917,2021-09-04,262
9690,2020-08-13,343
9368,2020-12-25,311
9325,2021-03-26,305
6805,2021-09-22,42
8298,2021-12-18,199
9544,2021-01-19,329
7660,2021-04-10,136
7161,2020-07-27,82
10236,2021-01-14,410
9343,2021-01-13,307
6717,2021-01-15,35
6486,2020-12-02,11
8948,2021-04-24,265
6567,2021-03-26,20
9252,2021-10-14,299
8896,2021-11-08,260
9078,2021-05-17,279
10261,2020-06-15,412
7967,2021-04-21,167
7606,2021-05-01,130
7884,2021-04-09,157
8726,2020-11-03,246
7118,2021-10-23,76
7235,2021-06-15,89
7492,2020-10-28,120
9347,2021-05-13,307
7088,2021-10-22,71
9594,2021-05-23,332
7582,2021-12-08,126
9008,2021-08-29,271
9460,2021-01-13,322
9741,2020-10-30,349
8851,2020-08-07,258
6961,2021-09-14,58
6404,2021-04-19,4
9452,2020-05-13,322
9212,2021-11-06,293
9568,2021-11-27,330
6995,2020-12-20,63
10276,2021-06-09,413
9729,2021-11-28,346
8779,2021-12-01,249
8407,2021-11-29,211
10290,2021-09-26,414
8171,2021-05-24,187
9578,2021-07-04,331
9263,2021-08-03,300
7193,2021-07-13,85
8733,2021-06-03,246
8433,2021-07-12,215
7285,2021-07-09,97
7391,2021-08-22,109
7101,2021-09-18,74
7264,2021-05-30,95
8146,2021-09-09,185
9194,2021-12-13,292
8238,2021-06-06,193
9525,2020-11-16,328
10132,2021-02-22,400
6563,2020-11-26,20
8684,2021-05-30,241
6439,2021-10-13,6
8863,2021-08-07,258
9228,2021-06-09,296
10294,2020-06-28,415
9720,2021-02-28,346
10108,2021-07-26,397
9174,2021-11-17,290
7301,2021-07-28,99
10234,2020-11-14,410
9898,2021-08-23,364
9962,2021-12-12,371
6963,2020-07-22,59
10016,2021-09-25,376
6634,2021-05-22,26
7607,2021-06-01,130
9262,2021-07-03,300
9401,2021-07-09,315
7495,2021-01-28,120
9397,2021-03-09,315
8408,2021-12-29,211
10051,2020-11-09,384
7152,2021-09-27,80
7648,2021-03-22,135
8017,2021-08-22,172
7700,2021-07-13,139
8440,2020-07-09,216
10067,2021-07-28,386
6709,2021-07-08,34
7382,2021-11-15,107
9650,2020-09-20,340
7442,2021-03-21,115
6645,2020-06-25,28
6451,2021-03-10,7
8438,2021-12-12,215
6494,2021-08-02,11
7049,2021-11-18,67
8701,2020-08-02,244
7240,2021-11-15,89
8922,2020-09-24,263
8165,2020-11-24,187
9854,2021-03-01,360
6947,2021-10-18,56
10200,2021-06-11,407
6723,2020-09-11,36
7675,2021-01-16,138
8936,2021-11-24,263
7613,2021-12-01,130
9237,2021-10-16,297
8469,2021-07-01,217
7588,2021-12-09,127
8989,2021-11-28,269
8308,2021-05-01,200
10006,2021-06-10,375
9446,2021-07-13,321
7578,2021-08-08,126
7399,2020-11-21,110
10315,2020-08-04,416
7599,2021-12-27,128
8384,2021-02-21,208
8740,2020-07-15,247
9365,2021-08-03,310
6707,2021-05-08,34
9039,2021-06-14,275
8818,2021-10-23,254
6579,2021-06-07,22
7124,2020-09-05,77
8527,2021-02-28,225
8647,2021-11-14,236
6387,2021-12-27,2
7778,2021-04-04,146
7807,2021-10-24,150
6614,2021-05-28,25
9249,2021-07-14,299
8883,2021-08-03,259
7057,2021-11-12,68
7857,2021-12-25,154
9689,2020-07-13,343
6892,2021-03-11,51
8556,2021-10-25,227
10029,2021-09-12,377
10232,2020-09-14,410
8637,2021-09-13,234
9427,2021-03-21,320
6662,2021-11-25,28
8111,2021-12-28,180
9574,2021-03-04,331
9425,2021-01-21,320
6578,2021-12-25,21
7662,2021-06-10,136
9407,2021-08-30,316
7856,2021-11-25,154
8842,2021-06-24,256
9462,2021-03-13,322
8465,2021-03-01,217
9426,2021-02-21,320
8555,2021-09-25,227
6842,2020-12-29,46
6674,2021-09-30,31
7563,2021-02-03,125
9361,2021-04-03,310
9918,2021-08-13,367
9048,2021-06-29,276
6589,2020-12-29,23
9731,2021-07-11,347
7476,2021-11-27,117
8597,2021-09-17,230
7020,2021-11-25,64
7343,2021-11-17,103
9133,2020-11-23,286
10004,2021-04-10,375
8154,2021-04-07,186
7633,2021-11-05,133
10102,2020-12-21,394
8791,2021-10-05,250
9774,2021-04-13,351
8617,2021-02-05,232
9514,2021-09-18,325
8121,2021-06-25,182
10111,2020-08-25,398
6827,2021-08-05,44
7005,2021-10-20,63
9631,2020-09-28,338
6678,2021-04-25,32
8147,2021-10-09,185
7893,2021-05-17,158
7770,2021-11-23,145
8274,2021-09-25,196
10061,2021-09-09,384
7815,2021-06-28,151
7054,2021-08-12,68
6577,2021-11-25,21
6785,2021-09-13,41
9106,2021-05-22,284
6588,2020-11-29,23
8180,2020-11-11,188
7914,2020-12-05,160
7379,2021-08-15,107
9435,2021-11-21,320
8770,2021-03-01,249
9798,2021-09-20,352
9963,2020-10-21,372
7102,2021-10-18,74
8199,2021-12-13,189
6467,2021-04-06,8
7457,2021-03-17,116
9815,2021-03-15,355
6733,2021-07-11,36
8946,2021-02-24,265
8672,2021-03-16,239
8840,2021-04-24,256
7990,2021-11-12,169
8007,2021-09-02,170
7568,2021-07-03,125
7081,2021-11-26,70
7757,2021-10-04,144
8011,2021-11-19,171
8853,2020-10-07,258
8222,2020-11-07,192
10203,2021-09-11,407
9096,2021-10-12,283
6885,2020-08-11,51
9461,2021-02-13,322
10161,2021-09-18,402
7556,2021-09-11,124
8387,2021-05-21,208
10317,2020-10-04,416
6868,2020-11-28,48
8754,2021-09-15,247
8423,2021-06-07,214
9972,2021-07-21,372
9671,2020-08-25,342
7269,2021-10-30,95
9700,2021-06-13,343
6766,2021-07-05,39
6923,2021-09-24,53
9090,2020-08-27,282
9059,2020-12-04,277
8552,2021-06-25,227
9961,2021-11-12,371
8068,2021-06-06,176
7687,2020-06-13,139
6397,2021-06-21,3
10231,2020-08-14,410
7155,2021-12-27,80
7432,2021-09-21,114
6409,2021-09-19,4
9231,2021-09-09,296
10266,2020-08-09,413
9773,2021-03-13,351
9592,2021-03-23,332
10298,2020-10-28,415
9656,2021-03-20,340
9949,2021-12-14,369
7126,2020-11-05,77
9635,2021-01-28,338
9457,2020-10-13,322
10365,2021-12-12,419
9886,2021-07-01,363
7799,2021-02-24,150
7108,2021-10-16,75
7150,2021-12-21,79
9171,2021-02-24,289
8474,2021-12-01,217
7123,2020-08-05,77
9978,2020-08-25,373
6789,2020-05-22,42
8018,2021-09-22,172
6743,2021-03-09,37
9993,2021-11-25,373
9384,2021-03-17,313
7820,2021-11-28,151
7924,2021-10-05,160
8533,2021-08-28,225
7111,2021-03-23,76
9694,2020-12-13,343
10254,2021-06-24,411
9019,2021-03-09,274
6673,2021-06-06,30
7748,2021-01-04,144
10179,2021-04-06,405
9296,2021-02-07,303
7755,2021-08-04,144
7389,2021-06-22,109
8168,2021-02-24,187
9333,2021-11-26,305
7316,2021-11-28,100
8008,2021-10-02,170
7372,2021-08-08,106
7668,2021-12-10,136
9801,2021-12-20,352
7289,2021-11-09,97
7208,2020-11-04,88
8053,2021-08-04,175
9230,2021-08-09,296
10011,2021-11-10,375
7868,2020-12-14,156
8832,2021-06-23,255
8253,2021-09-07,194
8715,2021-10-02,244
6763,2021-04-05,39
9319,2020-09-26,305
10227,2021-09-05,409
9849,2021-12-03,359
8162,2021-12-07,186
9144,2021-10-23,286
7281,2021-03-09,97
7359,2021-11-17,105
7345,2021-09-22,104
9556,2020-11-27,330
6661,2021-10-25,28
9932,2021-11-07,368
9816,2021-04-15,355
10054,2021-02-09,384
9642,2021-08-28,338
7244,2021-04-15,90
8859,2021-04-07,258
8703,2020-10-02,244
9783,2020-06-20,352
9985,2021-03-25,373
7605,2021-04-01,130
7632,2021-10-05,133
9463,2021-04-13,322
6473,2021-02-04,10
9013,2021-10-03,272
7327,2021-02-01,101
8705,2020-12-02,244
9755,2021-12-28,349
10286,2021-05-26,414
6626,2020-09-22,26
6818,2021-11-14,43
6873,2021-10-11,49
8599,2021-11-17,230
10335,2020-11-13,417
6741,2021-01-09,37
8198,2021-11-13,189
8184,2021-03-11,188
7309,2021-04-28,100
7275,2020-09-09,97
7518,2021-11-13,121
8422,2021-05-07,214
7196,2021-10-13,85
7509,2021-02-13,121
7109,2021-11-16,75
8300,2020-09-01,200
7771,2021-12-23,145
7751,2021-04-04,144
8993,2020-10-28,269
6899,2021-10-11,51
8805,2021-08-29,253
7683,2021-09-16,138
7792,2020-08-20,148
9077,2021-04-17,279
9736,2021-12-11,347
6862,2021-10-03,47
9660,2021-07-20,340
10218,2021-11-24,408
8945,2021-01-24,265
7664,2021-08-10,136
6834,2021-11-11,45
7962,2020-11-21,167
6932,2021-11-25,54
7530,2021-02-21,123
9055,2020-08-04,277
7214,2021-05-04,88
9777,2021-07-13,351
10272,2021-02-09,413
9555,2021-12-19,329
10327,2021-08-04,416
7528,2021-12-16,122
8745,2020-12-15,247
8331,2021-08-25,202
9304,2021-10-07,303
9197,2020-08-06,293
9465,2021-06-13,322
10104,2021-06-08,395
9582,2021-11-04,331
7720,2021-07-24,141
7529,2021-01-21,123
6376,2021-01-27,2
8208,2021-11-10,190
7260,2020-11-12,94
8534,2021-09-28,225
6609,2020-12-28,25
8982,2021-04-28,269
7037,2021-11-15,65
6426,2021-12-01,5
10122,2021-07-28,399
10253,2021-05-24,411
6541,2021-01-15,17
9579,2021-08-04,331
9282,2021-03-25,302
6429,2020-12-13,6
8654,2021-02-28,237
8014,2021-05-22,172
7827,2021-09-14,152
8638,2021-10-13,234
9061,2021-02-04,277
6945,2021-12-28,55
9621,2021-04-21,337
6415,2021-01-01,5
7983,2021-09-12,168
9481,2021-07-28,323
7593,2021-06-27,128
9265,2021-10-03,300
7839,2021-11-17,153
9682,2021-07-25,342
10308,2021-08-28,415
9612,2021-05-16,336
6765,2021-06-05,39
8875,2020-12-03,259
7972,2021-09-21,167
9535,2021-09-16,328
6711,2021-09-08,34
7576,2021-06-08,126
9779,2021-09-13,351
6692,2021-05-21,33
7407,2021-07-21,110
9825,2021-07-05,356
6595,2021-06-28,23
10330,2021-11-04,416
8367,2021-03-13,206
9922,2021-12-13,367
9653,2020-12-20,340
9940,2021-03-14,369
9051,2021-09-29,276
6683,2021-09-25,32
9685,2021-10-25,342
8777,2021-10-01,249
7009,2020-12-25,64
6400,2021-09-21,3
7332,2021-07-01,101
9545,2021-02-19,329
9483,2021-09-28,323
8543,2021-07-15,226
7294,2021-08-23,98
9925,2021-04-07,368
8614,2020-11-05,232
6912,2020-10-24,53
7560,2020-11-03,125
7616,2021-07-19,131
7790,2021-10-21,147
8357,2021-12-29,205
8127,2021-12-25,182
9832,2021-02-18,357
9623,2021-06-21,337
9103,2021-02-22,284
6920,2021-06-24,53
8203,2021-06-10,190
7388,2021-05-22,109
7414,2021-04-13,111
8831,2021-05-23,255
9180,2020-10-13,292
6424,2021-10-01,5
7180,2021-11-30,84
9892,2021-02-23,364
7722,2021-09-24,141
10244,2021-09-14,410
6648,2020-09-25,28
10191,2021-11-30,406
7079,2021-09-26,70
8810,2021-02-23,254
10115,2020-12-30,399
9846,2021-10-30,358
8951,2021-07-24,265
7788,2021-08-21,147
8848,2021-11-06,257
7274,2021-05-05,96
10279,2021-09-09,413
8688,2021-09-30,241
8019,2021-10-22,172
7375,2021-11-08,106
7974,2021-11-21,167
7994,2020-08-02,170
7423,2020-11-07,113
6787,2021-11-13,41
7846,2021-01-25,154
9806,2021-07-30,353
10337,2021-01-13,417
9442,2021-03-13,321
6761,2021-02-05,39
8233,2021-10-07,192
10264,2020-09-15,412
7955,2021-07-08,166
7335,2021-10-01,101
6937,2021-04-28,55
7151,2021-08-27,80
8069,2021-07-06,176
7646,2021-01-22,135
8414,2020-09-07,214
7659,2021-03-10,136
9896,2021-06-23,364
6926,2021-12-24,53
6465,2021-02-06,8
7329,2021-04-01,101
6381,2021-06-27,2
6482,2021-11-04,10
7225,2020-08-15,89
6571,2021-05-25,21
6903,2021-06-05,52
7963,2020-12-21,167
8821,2020-07-23,255
6643,2021-11-30,27
7657,2021-12-22,135
8904,2021-01-22,261
9439,2020-12-13,321
8337,2021-01-31,203
8377,2021-11-27,207
9486,2021-12-28,323
8577,2021-04-28,229
10209,2021-02-24,408
9291,2021-12-25,302
9533,2021-07-16,328
7705,2021-10-18,140
8275,2021-10-25,196
7833,2021-05-17,153
6584,2021-11-07,22
6401,2021-10-21,3
7416,2021-06-13,111
8529,2021-04-28,225
8504,2021-10-10,220
9154,2021-09-13,287
8430,2021-04-12,215
9084,2021-09-15,281
9516,2021-11-18,325
9958,2021-08-12,371
10037,2021-07-16,379
6435,2021-06-13,6
6866,2020-09-28,48
7919,2021-05-05,160
7706,2021-11-18,140
7226,2020-09-15,89
8212,2021-07-30,191
7604,2021-12-24,129
6776,2020-12-13,41
6979,2021-07-28,60
7634,2021-12-05,133
7018,2021-09-25,64
7875,2021-07-14,156
7561,2020-12-03,125
10247,2021-12-14,410
6987,2020-10-17,62
8616,2021-01-05,232
8888,2021-03-08,260
7068,2021-02-18,69
9440,2021-01-13,321
8230,2021-07-07,192
9178,2020-08-13,292
6949,2021-12-18,56
7499,2021-05-28,120
7795,2020-11-20,148
8988,2021-10-28,269
9344,2021-02-13,307
9838,2021-08-18,357
10017,2021-10-25,376
6520,2021-07-21,14
8572,2020-11-29,229
6982,2021-07-12,61
6508,2020-10-18,13
7236,2021-07-15,89
7297,2021-11-23,98
6720,2021-04-15,35
9312,2021-03-03,304
6788,2021-12-13,41
10096,2021-06-27,391
6828,2021-09-05,44
7544,2020-09-11,124
6503,2021-10-20,12
9668,2021-12-27,341
6688,2021-01-21,33
6402,2021-11-21,3
7519,2021-12-13,121
10128,2020-10-22,400
8301,2020-10-01,200
8187,2021-06-11,188
9882,2021-03-01,363
6492,2021-06-02,11
7631,2021-09-05,133
10087,2020-11-08,389
7883,2021-03-09,157
10136,2021-06-22,400
6644,2020-05-25,28
10121,2021-06-28,399
7676,2021-02-16,138
9712,2021-09-29,345
8115,2021-12-10,181
9697,2021-03-13,343
9802,2021-03-31,353
8985,2021-07-28,269
8873,2020-10-03,259
7587,2021-11-09,127
8656,2021-04-28,237
7503,2021-09-28,120
10270,2020-12-09,413
7693,2020-12-13,139
7825,2021-07-14,152
8077,2021-03-28,178
10267,2020-09-09,413
9485,2021-11-28,323
9632,2020-10-28,338
9074,2021-01-10,278
7584,2021-08-09,127
9691,2020-09-13,343
8262,2020-10-20,195
9193,2021-11-13,292
7253,2021-04-06,91
9740,2020-09-30,349
7074,2021-08-18,69
7132,2021-08-09,78
7073,2021-07-18,69
9679,2021-04-25,342
10338,2021-02-13,417
7554,2021-07-11,124
6432,2021-03-13,6
10222,2021-04-05,409
9645,2021-11-28,338
9540,2020-09-19,329
7210,2021-01-04,88
9323,2021-01-26,305
8531,2021-06-28,225
6951,2021-04-28,57
10141,2020-10-14,401
9286,2021-07-25,302
7181,2021-12-30,84
10079,2021-10-18,388
7145,2021-07-21,79
8686,2021-07-30,241
10146,2021-03-14,401
7350,2021-02-17,105
9513,2021-08-18,325
10100,2020-10-21,394
6594,2021-05-28,23
6965,2020-09-22,59
8052,2021-12-12,174
9946,2021-09-14,369
7323,2020-10-01,101
9416,2021-08-29,319
7579,2021-09-08,126
9196,2020-07-06,293
7991,2021-12-12,169
8452,2021-07-09,216
7378,2021-07-15,107
7733,2020-12-30,142
8326,2021-10-01,201
6822,2021-03-05,44
9587,2020-10-23,332
6896,2021-07-11,51
7493,2020-11-28,120
7045,2021-07-18,67
9432,2021-08-21,320
6759,2021-12-22,38
9309,2020-12-03,304
9526,2020-12-16,328
8388,2021-06-21,208
8900,2020-09-22,261
7534,2021-06-21,123
10192,2021-12-30,406
9157,2021-12-13,287
10204,2021-10-11,407
8169,2021-03-24,187
9870,2021-10-08,361
7130,2021-06-09,78
7279,2021-01-09,97
7186,2020-12-13,85
6942,2021-09-28,55
9478,2021-04-28,323
6434,2021-05-13,6
8061,2020-11-06,176
8005,2021-07-02,170
9943,2021-06-14,369
10084,2020-08-08,389
8172,2021-06-24,187
9047,2021-05-29,276
7047,2021-09-18,67
9721,2021-03-28,346
7644,2020-11-22,135
9480,2021-06-28,323
9213,2021-12-06,293
7084,2021-06-22,71
6396,2021-05-21,3
6993,2021-04-17,62
9776,2021-06-13,351
9757,2021-06-30,350
7711,2020-10-24,141
7139,2021-01-21,79
9459,2020-12-13,322
7462,2021-08-17,116
9391,2021-10-17,313
7340,2021-11-28,102
9388,2021-07-17,313
8565,2021-10-15,228
7874,2021-06-14,156
7585,2021-09-09,127
8361,2020-09-13,206
10196,2021-02-11,407
9381,2020-12-17,313
8994,2020-11-28,269
9297,2021-03-07,303
7765,2021-06-23,145
8126,2021-11-25,182
6870,2021-01-28,48
8901,2020-10-22,261
10246,2021-11-14,410
8566,2021-11-15,228
6996,2021-01-20,63
9004,2021-04-29,271
8919,2021-11-04,262
9581,2021-10-04,331
9173,2021-10-17,290
6727,2021-01-11,36
10021,2021-01-12,377
8532,2021-07-28,225
9669,2020-06-25,342
8480,2020-09-27,219
9520,2021-10-29,326
8737,2021-10-03,246
8612,2020-09-05,232
9723,2021-05-28,346
10082,2020-06-08,389
8921,2020-08-24,263
10333,2020-09-13,417
6843,2021-01-29,46
9749,2021-06-28,349
7396,2020-08-21,110
10148,2021-05-14,401
10015,2021-08-25,376
7163,2020-09-27,82
8096,2020-09-28,180
8120,2021-05-25,182
6994,2021-05-17,62
8487,2021-04-27,219
8472,2021-10-01,217
9044,2021-11-14,275
7750,2021-03-04,144
10185,2021-10-06,405
7140,2021-02-21,79
10049,2020-09-09,384
8398,2021-07-23,209
8060,2020-10-06,176
9225,2021-03-09,296
8884,2021-09-03,259
6393,2021-02-21,3
9305,2021-11-07,303
9010,2021-10-29,271
8519,2021-07-22,224
8418,2021-01-07,214
9965,2020-12-21,372
7205,2021-11-21,86
10120,2021-05-28,399
7958,2021-10-08,166
8776,2021-09-01,249
10178,2021-03-06,405
9245,2021-09-29,298
9819,2021-07-15,355
7320,2020-07-01,101
10263,2020-08-15,412
7448,2021-09-21,115
6471,2021-04-28,9
6913,2020-11-24,53
6642,2021-10-30,27
9732,2021-08-11,347
8778,2021-11-01,249
7373,2021-09-08,106
10293,2021-12-26,414
6772,2021-09-17,40
9167,2021-09-24,288
8947,2021-03-24,265
8718,2021-05-31,245
10056,2021-04-09,384
10328,2021-09-04,416
9316,2021-07-03,304
9818,2021-06-15,355
8601,2021-06-30,231
7937,2021-07-12,163
8200,2021-03-10,190
9394,2020-10-05,314
7242,2021-02-15,90
8486,2021-03-27,219
8790,2021-09-05,250
8815,2021-07-23,254
8724,2021-11-30,245
7871,2021-03-14,156
9677,2021-02-25,342
8352,2021-07-29,205
9371,2021-03-25,311
7234,2021-05-15,89
7869,2021-01-14,156
8574,2021-01-29,229
8402,2021-11-23,209
7376,2021-12-08,106
6786,2021-10-13,41
7200,2021-06-21,86
8270,2021-06-20,195
9375,2021-07-25,311
7672,2021-11-20,137
9244,2021-08-29,298
6425,2021-11-01,5
6798,2021-02-22,42
9122,2021-03-04,285
6470,2021-03-28,9
8284,2021-11-12,198
7460,2021-06-17,116
10074,2021-10-08,387
9583,2021-12-04,331
10105,2021-11-09,396
9310,2021-01-03,304
9298,2021-04-07,303
8795,2021-08-12,251
8752,2021-07-15,247
7473,2021-08-27,117
7282,2021-04-09,97
6660,2021-09-25,28
6602,2021-05-06,24
7725,2021-12-24,141
9021,2021-05-09,274
8646,2021-12-21,235
7051,2021-05-12,68
8766,2021-02-28,248
8176,2021-10-24,187
7835,2021-07-17,153
7590,2021-03-27,128
8401,2021-10-23,209
6534,2021-01-05,15
6606,2021-09-06,24
9713,2021-10-29,345
6901,2021-12-11,51
8293,2021-07-18,199
6569,2021-05-26,20
9016,2021-11-09,273
7337,2021-12-01,101
9927,2021-06-07,368
8359,2020-07-13,206
7434,2020-07-21,115
10206,2021-12-11,407
6710,2021-08-08,34
9512,2021-07-18,325
8116,2021-01-25,182
8026,2021-03-20,173
7505,2021-11-28,120
9864,2021-04-08,361
7306,2021-12-28,99
8521,2021-09-22,224
9542,2020-11-19,329
8455,2021-10-09,216
10299,2020-11-28,415
7862,2020-06-14,156
6598,2021-09-28,23
6447,2020-11-10,7
10278,2021-08-09,413
7658,2021-02-10,136
7867,2020-11-14,156
10088,2020-12-08,389
9473,2020-11-30,323
8559,2021-04-15,228
10262,2020-07-15,412
9842,2021-12-18,357
6972,2020-12-29,60
8142,2021-05-09,185
9148,2021-03-13,287
8479,2020-08-27,219
7925,2021-11-05,160
7577,2021-07-08,126
9198,2020-09-06,293
7885,2021-05-09,157
7522,2021-06-16,122
8347,2021-11-28,203
9114,2020-07-04,285
6476,2021-05-04,10
7784,2021-10-04,146
8447,2021-02-09,216
7527,2021-11-16,122
6665,2021-05-17,29
9149,2021-04-13,287
7600,2021-08-24,129
7112,2021-04-23,76
8942,2021-10-04,264
7031,2021-05-15,65
8731,2021-04-03,246
6719,2021-03-15,35
7985,2021-11-12,168
6830,2021-11-05,44
8411,2021-11-22,213
10255,2021-07-24,411
6512,2021-02-18,13
9421,2020-09-21,320
9853,2021-02-01,360
9617,2021-10-16,336
10155,2021-03-18,402
6437,2021-08-13,6
9359,2021-02-03,310
7551,2021-04-11,124
7428,2021-04-07,113
8869,2020-06-03,259
9872,2021-12-08,361
6635,2021-06-22,26
9283,2021-04-25,302
9104,2021-03-22,284
9889,2021-10-01,363
9515,2021-10-18,325
9428,2021-04-21,320
7946,2021-09-26,165
9763,2021-12-30,350
7721,2021-08-24,141
6613,2021-04-28,25
8125,2021-10-25,182
9454,2020-07-13,322
6900,2021-11-11,51
6754,2021-07-22,38
9764,2020-06-13,351
9311,2021-02-03,304
9034,2021-01-14,275
9005,2021-05-29,271
8835,2021-09-23,255
8070,2021-08-06,176
9532,2021-06-16,328
9062,2021-03-04,277
8264,2020-12-20,195
9229,2021-07-09,296
9121,2021-02-04,285
7915,2021-01-05,160
6871,2021-08-11,49
8490,2021-07-27,219
7981,2021-07-12,168
7873,2021-05-14,156
7902,2021-08-02,159
7149,2021-11-21,79
8158,2021-08-07,186
8635,2021-07-13,234
9423,2020-11-21,320
9392,2021-11-17,313
9794,2021-05-20,352
6821,2021-02-05,44
9351,2021-09-27,309
10173,2021-10-25,403
9812,2021-11-22,354
9504,2020-11-18,325
7843,2020-10-25,154
6769,2021-06-17,40
6581,2021-08-07,22
7338,2021-09-28,102
8383,2021-01-21,208
8254,2021-10-07,194
8557,2021-11-25,227
6462,2020-11-06,8
10208,2021-01-24,408
7796,2020-12-20,148
6445,2020-09-10,7
9519,2021-09-29,326
9539,2020-08-19,329
8378,2021-12-27,207
7137,2020-11-21,79
10047,2021-11-13,382
7078,2021-12-18,69
9222,2021-10-30,295
9327,2021-05-26,305
7188,2021-02-13,85
10094,2021-12-03,390
7385,2021-02-22,109
8112,2021-09-10,181
9957,2021-07-12,371
7781,2021-07-04,146
7276,2020-10-09,97
8841,2021-05-24,256
6897,2021-08-11,51
9147,2021-02-13,287
7128,2021-04-09,78
6767,2021-08-05,39
9683,2021-08-25,342
9917,2021-07-13,367
6459,2020-08-06,8
7411,2021-11-21,110
8804,2021-07-29,253
9575,2021-04-04,331
9190,2021-08-13,292
7772,2020-10-04,146
10321,2021-02-04,416
7177,2021-08-30,84
7315,2021-10-28,100
8651,2020-11-28,237
6460,2020-09-06,8
7293,2021-07-23,98
10259,2021-11-24,411
8339,2021-03-28,203
9601,2021-12-23,332
7363,2020-11-08,106
9131,2021-12-04,285
6922,2021-08-24,53
9782,2021-12-13,351
7956,2021-08-08,166
9355,2020-10-03,310
7780,2021-06-04,146
7548,2021-01-11,124
8073,2021-11-06,176
9023,2021-07-09,274
6865,2020-08-28,48
10186,2021-11-06,405
7891,2021-11-09,157
6799,2021-03-22,42
8933,2021-08-24,263
8625,2021-10-05,232
7303,2021-09-28,99
9336,2021-09-19,306
6611,2021-02-28,25
9436,2021-12-21,320
8502,2021-08-10,220
6657,2021-06-25,28
6496,2021-10-02,11
8520,2021-08-22,224
7022,2020-08-15,65
7444,2021-05-21,115
6825,2021-06-05,44
7468,2021-03-27,117
7433,2020-06-21,115
8668,2021-11-01,238
7948,2020-12-08,166
6925,2021-11-24,53
7800,2021-03-24,150
7311,2021-06-28,100
10142,2020-11-14,401
8041,2021-01-12,174
10081,2021-12-18,388
8374,2021-10-13,206
7812,2021-03-28,151
6909,2021-12-05,52
7010,2021-01-25,64
7628,2021-06-05,133
10180,2021-05-06,405
8205,2021-08-10,190
9871,2021-11-08,361
8930,2021-05-24,263
9562,2021-05-27,330
9831,2021-01-18,357
8286,2020-12-18,199
6891,2021-02-11,51
7464,2021-10-17,116
9496,2021-05-25,324
7989,2021-10-12,169
6656,2021-05-25,28
8738,2021-11-03,246
6469,2021-02-28,9
8207,2021-10-10,190
7230,2021-01-15,89
9429,2021-05-21,320
9036,2021-03-14,275
7923,2021-09-05,160
8653,2021-01-28,237
9226,2021-04-09,296
9109,2021-08-22,284
8445,2020-12-09,216
6724,2020-10-11,36
9037,2021-04-14,275
10183,2021-08-06,405
8110,2021-11-28,180
8012,2021-12-19,171
8030,2021-07-20,173
7486,2021-10-06,119
9739,2021-12-01,348
10349,2021-09-02,418
8844,2021-08-24,256
6861,2021-09-03,47
9527,2021-01-16,328
7120,2021-12-23,76
6431,2021-02-13,6
9187,2021-05-13,292
8095,2020-08-28,180
9928,2021-07-07,368
8580,2021-07-28,229
7221,2021-12-04,88
8319,2021-03-01,201
9760,2021-09-30,350
8796,2021-09-12,251
7872,2021-04-14,156
9750,2021-07-28,349
7043,2021-11-30,66
9089,2020-07-27,282
6911,2020-09-24,53
8082,2021-08-28,178
10046,2020-11-05,381
7936,2021-06-12,163
6383,2021-08-27,2
6556,2021-10-02,18
8571,2020-10-29,229
9205,2021-04-06,293
10057,2021-05-09,384
10334,2020-10-13,417
8248,2021-04-07,194
8276,2021-11-25,196
8604,2021-09-30,231
10235,2020-12-14,410
7557,2021-10-11,124
10071,2021-11-28,386
9317,2021-08-03,304
9705,2021-11-13,343
8323,2021-07-01,201
7935,2021-05-12,163
9726,2021-08-28,346
8492,2021-09-27,219
9011,2021-11-29,271
8912,2021-09-22,261
7182,2020-08-13,85
9378,2020-09-17,313
10324,2021-05-04,416
9204,2021-03-06,293
9025,2021-09-09,274
8354,2021-09-29,205
8463,2021-01-01,217
6394,2021-03-21,3
6722,2021-06-15,35
9162,2021-04-24,288
8658,2021-06-28,237
9994,2021-12-25,373
8107,2021-08-28,180
6414,2020-12-01,5
8537,2021-12-28,225
9345,2021-03-13,307
7426,2021-02-07,113
8365,2021-01-13,206
7419,2020-11-07,112
8027,2021-04-20,173
8058,2020-08-06,176
8959,2021-11-21,266
9893,2021-03-23,364
8295,2021-09-18,199
7954,2021-06-08,166
9239,2021-12-16,297
8976,2020-10-30,268
8816,2021-08-23,254
8093,2020-06-28,180
6813,2021-06-14,43
8281,2021-12-27,197
9681,2021-06-25,342
10260,2021-12-24,411
8792,2021-11-05,250
9469,2021-10-13,322
9673,2020-10-25,342
9339,2021-12-19,306
9951,2021-10-19,370
6689,2021-02-21,33
9541,2020-10-19,329
8321,2021-05-01,201
7104,2021-12-18,74
8450,2021-05-09,216
9464,2021-05-13,322
7707,2021-12-18,140
7080,2021-10-26,70
7945,2021-08-26,165
8491,2021-08-27,219
8899,2020-08-22,261
6693,2021-06-21,33
6935,2021-02-28,55
9595,2021-06-23,332
7690,2020-09-13,139
9521,2021-11-29,326
8305,2021-02-01,200
8386,2021-04-21,208
9117,2020-10-04,285
8788,2021-07-05,250
7261,2020-12-12,94
9924,2021-03-07,368
6983,2021-08-12,61
7312,2021-07-28,100
6895,2021-06-11,51
9068,2021-09-04,277
7752,2021-05-04,144
7743,2020-08-04,144
6430,2021-01-13,6
7422,2020-10-07,113
8615,2020-12-05,232
9509,2021-04-18,325
9724,2021-06-28,346
7817,2021-08-28,151
7262,2021-01-12,94
9611,2021-04-16,336
10344,2021-08-13,417
9863,2021-12-01,360
9517,2021-12-18,325
9075,2021-02-10,278
8794,2021-07-12,251
8895,2021-10-08,260
8893,2021-08-08,260
9672,2020-09-25,342
6637,2021-08-22,26
7641,2021-11-01,134
9433,2021-09-21,320
8551,2021-05-25,227
7779,2021-05-04,146
9067,2021-08-04,277
7520,2021-04-16,122
7454,2020-12-17,116
9966,2021-01-21,372
8508,2020-07-09,221
8802,2021-12-25,252
7107,2021-09-16,75
7272,2021-03-05,96
7615,2021-06-19,131
8090,2021-05-04,179
9072,2020-11-10,278
8054,2021-09-04,175
6500,2021-07-20,12
7649,2021-04-22,135
8213,2021-08-30,191
10230,2021-12-05,409
7447,2021-08-21,115
9009,2021-09-29,271
9107,2021-06-22,284
9140,2021-06-23,286
7969,2021-06-21,167
8015,2021-06-22,172
6890,2021-01-11,51
7851,2021-06-25,154
7504,2021-10-28,120
8719,2021-06-30,245
7876,2021-08-14,156
10093,2021-05-08,389
6591,2021-02-28,23
7404,2021-04-21,110
9725,2021-07-28,346
6618,2021-09-28,25
8761,2020-09-29,248
9185,2021-03-13,292
9250,2021-08-14,299
6474,2021-03-04,10
9479,2021-05-28,323
7998,2020-12-02,170
6879,2021-07-09,50
9915,2021-05-13,367
9593,2021-04-23,332
7931,2021-12-09,161
9376,2021-11-23,312
9524,2021-08-09,327
6808,2021-12-22,42
7749,2021-02-04,144
7718,2021-05-24,141
7828,2021-10-14,152
6587,2020-10-29,23
7970,2021-07-21,167
8209,2021-12-10,190
9188,2021-06-13,292
8998,2021-03-28,269
9939,2021-02-14,369
8542,2021-06-15,226
6697,2021-10-21,33
9844,2021-08-30,358
9112,2021-11-22,284
6510,2020-12-18,13
7512,2021-05-13,121
9372,2021-04-25,311
6958,2021-11-28,57
9484,2021-10-28,323
10340,2021-04-13,417
10143,2020-12-14,401
6522,2021-09-21,14
7741,2020-06-04,144
10181,2021-06-06,405
9070,2021-11-04,277
8481,2020-10-27,219
8348,2021-11-05,204
9168,2021-10-24,288
9488,2020-09-25,324
8140,2021-03-09,185
7849,2021-04-25,154
7602,2021-10-24,129
9817,2021-05-15,355
7523,2021-07-16,122
10024,2021-04-12,377
8441,2020-08-09,216
8391,2021-09-21,208
9017,2021-12-09,273
9897,2021-07-23,364
8581,2021-08-28,229
8459,2020-09-01,217
9778,2021-08-13,351
9215,2021-10-07,294
8453,2021-08-09,216
8725,2021-12-30,245
8785,2021-04-05,250
10306,2021-06-28,415
9907,2021-09-21,366
6735,2021-09-11,36
10273,2021-03-09,413
6663,2021-12-25,28
9523,2021-07-09,327
6468,2021-01-30,9
7201,2021-07-21,86
7392,2021-09-22,109
6667,2021-07-17,29
7441,2021-02-21,115
6889,2020-12-11,51
6612,2021-03-28,25
9364,2021-07-03,310
7716,2021-03-24,141
6975,2021-03-28,60
8341,2021-05-28,203
6458,2020-07-06,8
6548,2021-08-15,17
8624,2021-09-05,232
6525,2021-12-21,14
9960,2021-10-12,371
9913,2021-03-13,367
6703,2021-01-08,34
8673,2021-04-16,239
8460,2020-10-01,217
6523,2021-10-21,14
10097,2021-07-27,391
9354,2021-12-27,309
7064,2020-10-18,69
8210,2021-05-30,191
8828,2021-02-23,255
6929,2021-08-25,54
8177,2021-11-24,187
7802,2021-05-24,150
6385,2021-10-27,2
8432,2021-06-12,215
8813,2021-05-23,254
8151,2021-01-07,186
9823,2021-11-15,355
8416,2020-11-07,214
7017,2021-08-25,64
8297,2021-11-18,199
9411,2020-07-29,318
7517,2021-10-13,121
8814,2021-06-23,254
7021,2021-12-25,64
8449,2021-04-09,216
9878,2021-09-11,362
6836,2020-06-29,46
8488,2021-05-27,219
10014,2021-07-25,376
9588,2020-11-23,332
7685,2021-11-16,138
7992,2020-06-02,170
6551,2021-11-15,17
9811,2021-12-30,353
7255,2021-12-08,92
7466,2021-12-17,116
9313,2021-04-03,304
9374,2021-06-25,311
6544,2021-04-15,17
7002,2021-07-20,63
8734,2021-07-03,246
9240,2021-04-29,298
7216,2021-07-04,88
9743,2020-12-30,349
10176,2021-11-06,404
8314,2021-11-01,200
9902,2021-12-23,364
7852,2021-07-25,154
7231,2021-02-15,89
6831,2021-12-05,44
8403,2021-11-10,210
8675,2021-06-16,239
8022,2020-11-20,173
7063,2020-09-18,69
10158,2021-06-18,402
8621,2021-06-05,232
8259,2020-07-20,195
7247,2021-07-15,90
9986,2021-04-25,373
8827,2021-01-23,255
9335,2021-08-19,306
7322,2020-09-01,101
8649,2020-09-28,237
9636,2021-02-28,338
8035,2021-12-20,173
7826,2021-08-14,152
7782,2021-08-04,146
6848,2021-06-28,46
9279,2020-12-25,302
7028,2021-02-15,65
8118,2021-03-25,182
6413,2020-11-01,5
10226,2021-08-05,409
9302,2021-08-07,303
10026,2021-06-12,377
9971,2021-06-21,372
8648,2021-12-14,236
10018,2021-11-25,376
8280,2021-11-27,197
10103,2021-01-21,394
9453,2020-06-13,322
7071,2021-05-18,69
9665,2021-12-20,340
8695,2021-07-17,243
6515,2021-05-18,13
9124,2021-05-04,285
9649,2020-08-20,340
8861,2021-06-07,258
9718,2020-12-30,346
7966,2021-03-21,167
7006,2021-11-20,63
6684,2021-10-25,32
9598,2021-09-23,332
8506,2021-12-10,220
6840,2020-10-29,46
6562,2020-10-26,20
9387,2021-06-17,313
7847,2021-02-25,154
9835,2021-05-18,357
9102,2021-01-22,284
8240,2021-08-06,193
6624,2020-07-22,26
6744,2021-04-09,37
9879,2021-10-11,362
6758,2021-11-22,38
9667,2021-11-27,341
7091,2021-12-04,72
9028,2021-12-09,274
8143,2021-06-09,185
9908,2021-10-21,366
8379,2020-09-21,208
6893,2021-04-11,51
8809,2021-12-29,253
10289,2021-08-26,414
6444,2020-08-10,7
9641,2021-07-28,338
9804,2021-05-30,353
7999,2021-01-02,170
7055,2021-09-12,68
8066,2021-04-06,176
6586,2020-09-29,23
8750,2021-05-15,247
6676,2021-11-30,31
6677,2021-12-30,31
6449,2021-01-10,7
10059,2021-07-09,384
8607,2021-12-30,231
10314,2020-07-04,416
7349,2021-01-17,105
9699,2021-05-13,343
10134,2021-04-22,400
7901,2021-07-02,159
6708,2021-06-08,34
7178,2021-09-30,84
10133,2021-03-22,400
9086,2021-11-15,281
7964,2021-01-21,167
9508,2021-03-18,325
8950,2021-06-24,265
9437,2020-10-13,321
7245,2021-05-15,90
8582,2021-09-28,229
6559,2021-12-26,19
8629,2021-07-04,233
9616,2021-09-16,336
8606,2021-11-30,231
8544,2021-08-15,226
6756,2021-09-22,38
10109,2021-08-26,397
8518,2021-12-05,223
8685,2021-06-30,241
7842,2020-09-25,154
8353,2021-08-29,205
9692,2020-10-13,343
8799,2021-09-25,252
9905,2021-10-21,365
9627,2021-10-21,337
6807,2021-11-22,42
7635,2021-05-01,134
8697,2021-09-17,243
8419,2021-02-07,214
10052,2020-12-09,384
10202,2021-08-11,407
7025,2020-11-15,65
7090,2021-12-22,71
8473,2021-11-01,217
8279,2021-10-27,197
7089,2021-11-22,71
10040,2021-10-16,379
10162,2020-11-25,403
6436,2021-07-13,6
8586,2020-10-17,230
9954,2021-04-12,371
8173,2021-07-24,187
6752,2021-05-22,38
9982,2020-12-25,373
8105,2021-06-28,180
8538,2021-02-15,226
10217,2021-10-24,408
9607,2021-09-15,335
8781,2020-12-05,250
7198,2021-12-13,85
7402,2021-02-21,110
10050,2020-10-09,384
10107,2021-06-26,397
7318,2020-05-01,101
9143,2021-09-23,286
6386,2021-11-27,2
8174,2021-08-24,187
9324,2021-02-26,305
7223,2020-06-15,89
8435,2021-09-12,215
6959,2021-12-28,57
6658,2021-07-25,28
10291,2021-10-26,414
6453,2021-05-10,7
9386,2021-05-17,313
7717,2021-04-24,141
9315,2021-06-03,304
8603,2021-08-30,231
9441,2021-02-13,321
6699,2020-09-08,34
9916,2021-06-13,367
8049,2021-09-12,174
7803,2021-06-24,150
8736,2021-09-03,246
7928,2021-09-09,161
7684,2021-10-16,138
6702,2020-12-08,34
9026,2021-10-09,274
9861,2021-10-01,360
8197,2021-10-13,189
9456,2020-09-13,322
9415,2021-07-29,319
7313,2021-08-28,100
7424,2020-12-07,113
7027,2021-01-15,65
8024,2021-01-20,173
6654,2021-03-25,28
8932,2021-07-24,263
8145,2021-08-09,185
6518,2021-05-21,14
8044,2021-04-12,174
9585,2020-08-23,332
7553,2021-06-11,124
6483,2021-12-04,10
8645,2021-11-21,235
7850,2021-05-25,154
6749,2021-09-09,37
8117,2021-02-25,182
10248,2020-12-24,411
10363,2021-10-12,419
8870,2020-07-03,259
9597,2021-08-23,332
8495,2021-12-27,219
6992,2021-03-17,62
8991,2020-08-28,269
7041,2021-09-30,66
9233,2021-11-09,296
9063,2021-04-04,277
8780,2020-11-05,250
7681,2021-07-16,138
10336,2020-12-13,417
8971,2021-11-09,267
8970,2021-10-09,267
7597,2021-10-27,128
10009,2021-09-10,375
9719,2021-01-30,346
8252,2021-08-07,194
8548,2021-12-15,226
9080,2021-07-17,279
9151,2021-06-13,287
9022,2021-06-09,274
9548,2021-05-19,329
9199,2020-10-06,293
7608,2021-07-01,130
6804,2021-08-22,42
9657,2021-04-20,340
8609,2020-06-05,232
9999,2020-11-10,375
7438,2020-11-21,115
9860,2021-09-01,360
7708,2020-07-24,141
9647,2021-11-09,339
8109,2021-10-28,180
7238,2021-09-15,89
9968,2021-03-21,372
8232,2021-09-07,192
6694,2021-07-21,33
6509,2020-11-18,13
8356,2021-11-29,205
8513,2021-07-05,223
10157,2021-05-18,402
8342,2021-06-28,203
8470,2021-08-01,217
6746,2021-06-09,37
9183,2021-01-13,292
7449,2021-10-21,115
10233,2020-10-14,410
9389,2021-08-17,313
10351,2020-10-12,419
9046,2021-04-29,276
9477,2021-03-28,323
8006,2021-08-02,170
9848,2021-12-30,358
10356,2021-03-12,419
8717,2021-12-02,244
9576,2021-05-04,331
9920,2021-10-13,367
8080,2021-06-28,178
10311,2021-11-28,415
9926,2021-05-07,368
8092,2020-05-28,180
7195,2021-09-13,85
9956,2021-06-12,371
8283,2021-10-12,198
6601,2021-12-28,23
10064,2021-12-09,384
8589,2021-01-17,230
8225,2021-02-07,192
7863,2020-07-14,156
7650,2021-05-22,135
7939,2021-09-12,163
9294,2020-12-07,303
10245,2021-10-14,410
9734,2021-10-11,347
8862,2021-07-07,258
9518,2021-08-29,326
6884,2021-12-09,50
9260,2021-05-03,300
9001,2021-08-29,270
7643,2020-10-22,135
8332,2021-09-25,202
6652,2021-01-25,28
8913,2021-10-22,261
8223,2020-12-07,192
6881,2021-09-09,50
9638,2021-04-28,338
9765,2020-07-13,351
9444,2021-05-13,321
6553,2021-07-02,18
7501,2021-07-28,120
9334,2021-12-26,305
8856,2021-01-07,258
8694,2021-06-17,243
7916,2021-02-05,160
7252,2021-12-15,90
6869,2020-12-28,48
8662,2021-05-01,238
6547,2021-07-15,17
10223,2021-05-05,409
7727,2020-06-30,142
7864,2020-08-14,156
8064,2021-02-06,176
8249,2021-05-07,194
8940,2021-08-04,264
7890,2021-10-09,157
7256,2020-06-25,93
7879,2021-11-14,156
7011,2021-02-25,64
7524,2021-08-16,122
6446,2020-10-10,7
8783,2021-02-05,250
7630,2021-08-05,133
9955,2021-05-12,371
7228,2020-11-15,89
8689,2021-10-29,242
7984,2021-10-12,168
7666,2021-10-10,136
8312,2021-09-01,200
10168,2021-05-25,403
7886,2021-06-09,157
8428,2021-11-07,214
6372,2020-09-27,2
10256,2021-08-24,411
8560,2021-05-15,228
8642,2021-08-21,235
10329,2021-10-04,416
7763,2021-04-23,145
9380,2020-11-17,313
6574,2021-08-25,21
9053,2021-11-29,276
6931,2021-10-25,54
8583,2021-10-28,229
7603,2021-11-24,129
6647,2020-08-25,28
9434,2021-10-21,320
7038,2021-12-15,65
9161,2021-03-24,288
7589,2021-02-27,128
6524,2021-11-21,14
7374,2021-10-08,106
9177,2020-07-13,292
10320,2021-01-04,416
7821,2021-12-28,151
6736,2021-10-11,36
8619,2021-04-05,232
9822,2021-10-15,355
9134,2020-12-23,286
8084,2021-10-28,178
7910,2020-08-05,160
7979,2021-05-12,168
6650,2020-11-25,28
8150,2020-12-07,186
7760,2021-01-23,145
10117,2021-02-28,399
6998,2021-03-20,63
6521,2021-08-21,14
8605,2021-10-30,231
7569,2021-08-03,125
8089,2021-04-04,179
8128,2020-07-20,183
8753,2021-08-15,247
8436,2021-10-12,215
10160,2021-08-18,402
6933,2021-12-25,54
10098,2021-12-12,392
6989,2020-12-17,62
7896,2021-08-17,158
6421,2021-07-01,5
6417,2021-03-01,5
7463,2021-09-17,116
7591,2021-04-27,128
9867,2021-07-08,361
7146,2021-08-21,79
9775,2021-05-13,351
7549,2021-02-11,124
10031,2021-11-12,377
10066,2021-06-28,386
9703,2021-09-13,343
9875,2021-06-11,362
6819,2021-12-14,43
8613,2020-10-05,232
8546,2021-10-15,226
9208,2021-07-06,293
8088,2021-03-04,179
10114,2020-11-30,399
10085,2020-09-08,389
7390,2021-07-22,109
6405,2021-05-19,4
8333,2021-10-25,202
7552,2021-05-11,124
8528,2021-03-28,225
6774,2021-11-17,40
9569,2021-12-27,330
6630,2021-01-22,26
8067,2021-05-06,176
6960,2021-08-14,58
7046,2021-08-18,67
7655,2021-10-22,135
9497,2021-06-25,324
8905,2021-02-22,261
9095,2021-01-27,282
7270,2021-11-30,95
10265,2020-07-09,413
9984,2021-02-25,373
7098,2021-10-08,73
10175,2021-12-25,403
6917,2021-03-24,53
8584,2021-11-28,229
8782,2021-01-05,250
8046,2021-06-12,174
8025,2021-02-20,173
10003,2021-03-10,375
9088,2020-06-27,282
8756,2021-11-15,247
7105,2021-07-16,75
7136,2021-12-09,78
7555,2021-08-11,124
6519,2021-06-21,14
8294,2021-08-18,199
8059,2020-09-06,176
8124,2021-09-25,182
7738,2021-10-03,143
6617,2021-08-28,25
8846,2021-10-24,256
9695,2021-01-13,343
9280,2021-01-25,302
8864,2021-09-07,258
8482,2020-11-27,219
7026,2020-12-15,65
9803,2021-04-30,353
7075,2021-09-18,69
10197,2021-03-11,407
7325,2020-12-01,101
7437,2020-10-21,115
9785,2020-08-20,352
8885,2021-10-03,259
9159,2021-01-24,288
7415,2021-05-13,111
9366,2020-10-25,311
7467,2021-02-27,117
7627,2021-05-05,133
7290,2021-12-09,97
9761,2021-10-30,350
6615,2021-06-28,25
10095,2021-05-27,391
6762,2021-03-05,39
6616,2021-07-28,25
9337,2021-10-19,306
8285,2020-11-18,199
7326,2021-01-01,101
8204,2021-07-10,190
6778,2021-02-13,41
8304,2021-01-01,200
7775,2021-01-04,146
9573,2021-02-04,331
8136,2021-06-25,184
6557,2021-10-26,19
7412,2021-12-21,110
9278,2020-11-25,302
7173,2021-07-27,82
10139,2021-09-22,400
8155,2021-05-07,186
8626,2021-11-05,232
7594,2021-07-27,128
8415,2020-10-07,214
8588,2020-12-17,230
8042,2021-02-12,174
10343,2021-07-13,417
7016,2021-07-25,64
6539,2020-11-15,17
8144,2021-07-09,185
7116,2021-08-23,76
8183,2021-02-11,188
6737,2021-11-11,36
9800,2021-11-20,352
7978,2021-04-12,168
7670,2021-09-20,137
9836,2021-06-18,357
8957,2021-09-21,266
8409,2021-11-14,212
8524,2021-12-22,224
9735,2021-11-11,347
8800,2021-10-25,252
7446,2021-07-21,115
7533,2021-05-21,123
7066,2020-12-18,69
10012,2021-12-10,375
7427,2021-03-07,113
10257,2021-09-24,411
8570,2020-09-29,229
8630,2021-02-13,234
9608,2021-10-15,335
8464,2021-02-01,217
7095,2021-07-08,73
10172,2021-09-25,403
6755,2021-08-22,38
10106,2021-12-09,396
7661,2021-05-10,136
10352,2020-11-12,419
9728,2021-10-28,346
6537,2020-09-15,17
9706,2021-12-13,343
8562,2021-07-15,228
6457,2020-06-06,8
8926,2021-01-24,263
10341,2021-05-13,417
7361,2020-09-08,106
7502,2021-08-28,120
6484,2020-10-02,11
7377,2021-06-15,107
9192,2021-10-13,292
9912,2021-02-13,367
6438,2021-09-13,6
9730,2021-12-28,346
7356,2021-08-17,105
8338,2021-02-28,203
9284,2021-05-25,302
8683,2021-12-24,240
6391,2020-12-21,3
10023,2021-03-12,377
8412,2020-07-07,214
10000,2020-12-10,375
8784,2021-03-05,250
7096,2021-08-08,73
8793,2021-12-05,250
8691,2021-12-29,242
6964,2020-08-22,59
7092,2021-04-08,73
8182,2021-01-11,188
10041,2021-11-16,379
6997,2021-02-20,63
7699,2021-06-13,139
9868,2021-08-08,361
6915,2021-01-24,53
8277,2021-12-25,196
7895,2021-07-17,158
6477,2021-06-04,10
8318,2021-02-01,201
8914,2021-11-22,261
7298,2021-12-23,98
7789,2021-09-21,147
7479,2020-08-08,118
7190,2021-04-13,85
9751,2021-08-28,349
7832,2021-04-17,153
9944,2021-07-14,369
6967,2020-11-22,59
8380,2020-10-21,208
6440,2021-11-13,6
7993,2020-07-02,170
6721,2021-05-15,35
6649,2020-10-25,28
9012,2021-12-29,271
9716,2020-10-31,346
8311,2021-08-01,200
8549,2021-03-25,227
6985,2020-08-17,62
8558,2021-12-25,227
7352,2021-04-17,105
9458,2020-11-13,322
6950,2021-03-28,57
8179,2020-10-11,188
10073,2021-09-08,387
9738,2021-11-01,348
7622,2021-10-26,132
8563,2021-08-15,228
6742,2021-02-09,37
7547,2020-12-11,124
8889,2021-04-08,260
7558,2021-11-11,124
6545,2021-05-15,17
8076,2021-08-09,177
9829,2020-11-18,357
8523,2021-11-22,224
6516,2021-06-18,13
9257,2021-02-03,300
8099,2020-12-28,180
9289,2021-10-25,302
7435,2020-08-21,115
8389,2021-07-21,208
6403,2021-12-21,3
10080,2021-11-18,388
6854,2021-12-28,46
7550,2021-03-11,124
7539,2021-11-21,123
10070,2021-10-28,386
7498,2021-04-28,120
7845,2020-12-25,154
9792,2021-03-20,352
9511,2021-06-18,325
9538,2021-12-16,328
8317,2021-01-01,201
7013,2021-04-25,64
7212,2021-03-04,88
8226,2021-03-07,192
7114,2021-06-23,76
8894,2021-09-08,260
9115,2020-08-04,285
8931,2021-06-24,263
9855,2021-04-01,360
9919,2021-09-13,367
7328,2021-03-01,101
8960,2021-12-21,266
7288,2021-10-09,97
9287,2021-08-25,302
7227,2020-10-15,89
9756,2021-05-31,350
9644,2021-10-28,338
9809,2021-10-30,353
7197,2021-11-13,85
7117,2021-09-23,76
7619,2021-10-19,131
8677,2021-08-16,239
9852,2021-01-01,360
7278,2020-12-09,97
9246,2021-10-29,298
9887,2021-08-01,363
7052,2021-06-12,68
9827,2020-09-18,357
7714,2021-01-24,141
6628,2020-11-22,26
9670,2020-07-25,342
9445,2021-06-13,321
9990,2021-08-25,373
9744,2021-01-30,349
8806,2021-09-29,253
8138,2021-01-09,185
10307,2021-07-28,415
8775,2021-08-01,249
7050,2021-12-18,67
9414,2020-10-29,318
9363,2021-06-03,310
7671,2021-10-20,137
7745,2020-10-04,144
10323,2021-04-04,416
7384,2021-11-10,108
6582,2021-09-07,22
9998,2021-12-13,374
8865,2021-10-07,258
9217,2021-12-07,294
7339,2021-10-28,102
9945,2021-08-14,369
6621,2021-12-28,25
9862,2021-11-01,360
7506,2021-12-28,120
8952,2021-08-24,265
7321,2020-08-01,101
10364,2021-11-12,419
7172,2021-06-27,82
6934,2021-01-30,55
8091,2021-06-04,179
9195,2020-06-06,293
7859,2020-06-14,155
6550,2021-10-15,17
8858,2021-03-07,258
9722,2021-04-28,346
6764,2021-05-05,39
8702,2020-09-02,244
7905,2021-11-02,159
9904,2021-09-21,365
9300,2021-06-07,303
6639,2021-10-22,26
9903,2021-08-21,365
6810,2021-03-14,43
7822,2021-04-14,152
7413,2021-03-13,111
9754,2021-11-28,349
7736,2021-08-03,143
7141,2021-03-21,79
7987,2021-08-12,169
7695,2021-02-13,139
9833,2021-03-18,357
8634,2021-06-13,234
10174,2021-11-25,403
7971,2021-08-21,167
6573,2021-07-25,21
10359,2021-06-12,419
7465,2021-11-17,116
9553,2021-10-19,329
8874,2020-11-03,259
8608,2020-05-05,232
6679,2021-05-25,32
9974,2021-09-21,372
8774,2021-07-01,249
6800,2021-04-22,42
7776,2021-02-04,146
9085,2021-10-15,281
9467,2021-08-13,322
9537,2021-11-16,328
6918,2021-04-24,53
8437,2021-11-12,215
8393,2021-11-21,208
8100,2021-01-28,180
8944,2021-12-04,264
10058,2021-06-09,384
8446,2021-01-09,216
7691,2020-10-13,139
9438,2020-11-13,321
7746,2020-11-04,144
8525,2020-12-28,225
8854,2020-11-07,258
9851,2020-12-01,360
9395,2020-11-05,314
8344,2021-08-28,203
8833,2021-07-23,255
8229,2021-06-07,192
6490,2021-04-02,11
9214,2021-09-07,294
6511,2021-01-18,13
8639,2021-11-13,234
6542,2021-02-15,17
9708,2021-07-12,344
7809,2021-12-24,150
6411,2021-11-19,4
8757,2021-12-15,247
6691,2021-04-21,33
8707,2021-02-02,244
10354,2021-01-12,419
9083,2021-08-15,281
8974,2020-08-31,268
8188,2021-07-11,188
9129,2021-10-04,285
8013,2021-04-22,172
8406,2021-10-29,211
6839,2020-09-29,46
8999,2021-04-28,269
8087,2021-02-04,179
7609,2021-08-01,130
8760,2020-08-29,248
7257,2020-07-25,93
6855,2021-03-03,47
9141,2021-07-23,286
9400,2021-06-09,315
7398,2020-10-21,110
10362,2021-09-12,419
8330,2021-07-25,202
9412,2020-08-29,318
9338,2021-11-19,306
6939,2021-06-28,55
6793,2020-09-22,42
7764,2021-05-23,145
7305,2021-11-28,99
7308,2021-03-28,100
9404,2021-10-09,315
9417,2021-09-29,319
7169,2021-03-27,82
7878,2021-10-14,156
8652,2020-12-28,237
7811,2021-02-28,151
8786,2021-05-05,250
9931,2021-10-07,368
9489,2020-10-25,324
9558,2021-01-27,330
7710,2020-09-24,141
8620,2021-05-05,232
9352,2021-10-27,309
8335,2021-12-25,202
6777,2021-01-13,41
9136,2021-02-23,286
10159,2021-07-18,402
7003,2021-08-20,63
9626,2021-09-21,337
10252,2021-04-24,411
6671,2021-11-17,29
7082,2021-12-26,70
8247,2021-03-07,194
8468,2021-06-01,217
10170,2021-07-25,403
6904,2021-07-05,52
8553,2021-07-25,227
8010,2021-12-02,170
9326,2021-04-26,305
7160,2021-12-26,81
10214,2021-07-24,408
6841,2020-11-29,46
7273,2021-04-05,96
8029,2021-06-20,173
7636,2021-06-01,134
9234,2021-12-09,296
6888,2020-11-11,51
7008,2020-11-25,64
9126,2021-07-04,285
7077,2021-11-18,69
9137,2021-03-23,286
10277,2021-07-09,413
8149,2020-11-07,186
7383,2021-12-15,107
10086,2020-10-08,389
10238,2021-03-14,410
9841,2021-11-18,357
8674,2021-05-16,239
8949,2021-05-24,265
8596,2021-08-17,230
9847,2021-11-30,358
6501,2021-08-20,12
7877,2021-09-14,156
9210,2021-09-06,293
9759,2021-08-30,350
9975,2021-10-21,372
8456,2021-11-09,216
7623,2021-11-26,132
7215,2021-06-04,88
6590,2021-01-29,23
6580,2021-07-07,22
8758,2020-06-29,248
8628,2021-06-04,233
9398,2021-04-09,315
7317,2021-12-28,100
9158,2020-12-24,288
9505,2020-12-18,325
7232,2021-03-15,89
8643,2021-09-21,235
8000,2021-02-02,170
7342,2021-10-17,103
9559,2021-02-27,330
10125,2021-10-28,399
6636,2021-07-22,26
9307,2020-10-03,304
7747,2020-12-04,144
8065,2021-03-06,176
8108,2021-09-28,180
8772,2021-05-01,249
6908,2021-11-05,52
6395,2021-04-21,3
10027,2021-07-12,377
8631,2021-03-13,234
6705,2021-03-08,34
6732,2021-06-11,36
7694,2021-01-13,139
6795,2020-11-22,42
9052,2021-10-29,276
6858,2021-06-03,47
9451,2021-12-13,321
7697,2021-04-13,139
9487,2020-08-25,324
6546,2021-06-15,17
8710,2021-05-02,244
8801,2021-11-25,252
6946,2021-09-18,56
7267,2021-08-30,95
6502,2021-09-20,12
7848,2021-03-25,154
9176,2021-08-01,291
9405,2021-06-30,316
9367,2020-11-25,311
6695,2021-08-21,33
7203,2021-09-21,86
10038,2021-08-16,379
9976,2021-11-21,372
8163,2020-09-24,187
7408,2021-08-21,110
8632,2021-04-13,234
7133,2021-09-09,78
6412,2021-12-19,4
8882,2021-07-03,259
7263,2021-02-12,94
10013,2021-06-25,376
7477,2021-12-27,117
9321,2020-11-26,305
8787,2021-06-05,250
6984,2021-09-12,61
8424,2021-07-07,214
8980,2021-02-28,269
6712,2021-10-08,34
7246,2021-06-15,90
7058,2021-12-12,68
9301,2021-07-07,303
9030,2020-09-14,275
8850,2020-07-07,258
9259,2021-04-03,300
7099,2021-11-08,73
6864,2021-12-03,47
8568,2020-07-29,229
7500,2021-06-28,120
10220,2021-02-05,409
8434,2021-08-12,215
6977,2021-05-28,60
9888,2021-09-01,363
9251,2021-09-14,299
7489,2020-07-28,120
6768,2021-09-05,39
8943,2021-11-04,264
7191,2021-05-13,85
6532,2020-11-05,15
9299,2021-05-07,303
7129,2021-05-09,78
8045,2021-05-12,174
9839,2021-09-18,357
8735,2021-08-03,246
6497,2021-11-02,11
9780,2021-10-13,351
10295,2020-07-28,415
8964,2021-04-09,267
6859,2021-07-03,47
7093,2021-05-08,73
10116,2021-01-30,399
8454,2021-09-09,216
7614,2021-05-19,131
6536,2021-09-30,16
7894,2021-06-17,158
9258,2021-03-03,300
9201,2020-12-06,293
7131,2021-07-09,78
7536,2021-08-21,123
7640,2021-10-01,134
8771,2021-04-01,249
10035,2021-12-11,378
7387,2021-04-22,109
10060,2021-08-09,384
7656,2021-11-22,135
8916,2021-08-04,262
10005,2021-05-10,375
9027,2021-11-09,274
9666,2021-10-27,341
7541,2020-06-11,124
9565,2021-08-27,330
6878,2021-06-09,50
8443,2020-10-09,216
6456,2020-05-06,8
10055,2021-03-09,384
8650,2020-10-28,237
9830,2020-12-18,357
8676,2021-07-16,239
7838,2021-10-17,153
7100,2021-12-08,73
8968,2021-08-09,267
9814,2021-02-15,355
7474,2021-09-27,117
6905,2021-08-05,52
8201,2021-04-10,190
6631,2021-02-22,26
7767,2021-08-23,145
8135,2021-05-25,184
8451,2021-06-09,216
7639,2021-09-01,134
8306,2021-03-01,200
10124,2021-09-28,399
6420,2021-06-01,5
9292,2020-10-07,303
7904,2021-10-02,159
9880,2021-11-11,362
9560,2021-03-27,330
8122,2021-07-25,182
9288,2021-09-25,302
8220,2020-09-07,192
7786,2021-12-04,146
9116,2020-09-04,285
8678,2021-09-16,239
8918,2021-10-04,262
8928,2021-03-24,263
7219,2021-10-04,88
9604,2021-11-03,334
9536,2021-10-16,328
7906,2021-12-02,159
10177,2021-12-06,404
7865,2020-09-14,156
9170,2021-01-24,289
6505,2021-12-20,12
8273,2021-08-25,196
10043,2020-08-05,381
10215,2021-08-24,408
9837,2021-07-18,357
9766,2020-08-13,351
8271,2021-06-25,196
8708,2021-03-02,244
10119,2021-04-28,399
9507,2021-02-18,325
8062,2020-12-06,176
8325,2021-09-01,201
10044,2020-09-05,381
6526,2020-05-05,15
9900,2021-10-23,364
8003,2021-05-02,170
6820,2021-01-05,44
10249,2021-01-24,411
9449,2021-10-13,321
8038,2020-10-12,174
9110,2021-09-22,284
8340,2021-04-28,203
9498,2021-07-25,324
9065,2021-06-04,277
8751,2021-06-15,247
9306,2021-12-07,303
9865,2021-05-08,361
9973,2021-08-21,372
10243,2021-08-14,410
6739,2020-11-09,37
10331,2021-12-04,416
9474,2020-12-30,323
7949,2021-01-08,166
9206,2021-05-06,293
8040,2020-12-12,174
8839,2021-03-24,256
9216,2021-11-07,294
8397,2021-06-23,209
8511,2020-10-09,221
8623,2021-08-05,232
7469,2021-04-27,117
7759,2021-12-04,144
6745,2021-05-09,37
9328,2021-06-26,305
9874,2021-05-11,362
6384,2021-09-27,2
9941,2021-04-14,369
7164,2020-10-27,82
9160,2021-02-24,288
8399,2021-08-23,209
8514,2021-08-05,223
9256,2021-01-03,300
9243,2021-07-29,298
8074,2021-12-06,176
6464,2021-01-06,8
9550,2021-07-19,329
6410,2021-10-19,4
7702,2021-09-13,139
10065,2021-12-13,385
9602,2021-11-20,333
9142,2021-08-23,286
9164,2021-06-24,288
8765,2021-01-29,248
9491,2020-12-25,324
7113,2021-05-23,76
9502,2021-11-25,324
9472,2020-10-30,323
8261,2020-09-20,195
9564,2021-07-27,330
9150,2021-05-13,287
7019,2021-10-25,64
8193,2021-12-11,188
9227,2021-05-09,296
7475,2021-10-27,117
9784,2020-07-20,352
6600,2021-11-28,23
9269,2021-04-16,301
8575,2021-02-28,229
9219,2021-07-30,295
9200,2020-11-06,293
7696,2021-03-13,139
6867,2020-10-28,48
6535,2021-08-30,16
9285,2021-06-25,302
9614,2021-07-16,336
8966,2021-06-09,267
6751,2021-04-22,38
7357,2021-09-17,105
8444,2020-11-09,216
9057,2020-10-04,277
6529,2020-08-05,15
8002,2021-04-02,170
10091,2021-03-08,389
7331,2021-06-01,101
9528,2021-02-16,328
7543,2020-08-11,124
9091,2020-09-27,282
6986,2020-09-17,62
9038,2021-05-14,275
8329,2021-06-25,202
9146,2021-12-23,286
8322,2021-06-01,201
9073,2020-12-10,278
9172,2021-03-24,289
6850,2021-08-28,46
7478,2020-07-08,118
7497,2021-03-28,120
9856,2021-05-01,360
6378,2021-03-27,2
8048,2021-08-12,174
6954,2021-07-28,57
6716,2020-12-15,35
6627,2020-10-22,26
9873,2021-04-11,362
7355,2021-07-17,105
7184,2020-10-13,85
8218,2020-07-07,192
8759,2020-07-29,248
8291,2021-05-18,199
6883,2021-11-09,50
8536,2021-11-28,225
7400,2020-12-21,110
9247,2021-11-29,298
7926,2021-12-05,160
7048,2021-10-18,67
7709,2020-08-24,141
6377,2021-02-27,2
8516,2021-10-05,223
7153,2021-10-27,80
9788,2020-11-20,352
10303,2021-03-28,415
6592,2021-03-28,23
7819,2021-10-28,151
8350,2021-05-29,205
10068,2021-08-28,386
9936,2020-11-14,369
7934,2020-07-05,162
7362,2020-10-08,106
10358,2021-05-12,419
6491,2021-05-02,11
7592,2021-05-27,128
6849,2021-07-28,46
9081,2021-11-15,280
8610,2020-07-05,232
7179,2021-10-30,84
6380,2021-05-27,2
7982,2021-08-12,168
9906,2021-08-21,366
8231,2021-08-07,192
9531,2021-05-16,328
6780,2021-04-13,41
9970,2021-05-21,372
8316,2020-12-01,201
6375,2020-12-27,2
8234,2021-11-07,192
7421,2020-09-07,113
8299,2020-08-01,200
10089,2021-01-08,389
7165,2020-11-27,82
8975,2020-09-30,268
8843,2021-07-24,256
8057,2021-12-04,175
7481,2020-10-08,118
10123,2021-08-28,399
10169,2021-06-25,403
8767,2020-12-01,249
8429,2021-12-07,214
9211,2021-10-06,293
6791,2020-07-22,42
7756,2021-09-04,144
6407,2021-07-19,4
8911,2021-08-22,261
6605,2021-08-06,24
9791,2021-02-20,352
7774,2020-12-04,146
6443,2020-07-10,7
7213,2021-04-04,88
9024,2021-08-09,274
8458,2020-08-01,217
7336,2021-11-01,101
7494,2020-12-28,120
9105,2021-04-22,284
9664,2021-11-20,340
8043,2021-03-12,174
8714,2021-09-02,244
8830,2021-04-23,255
7418,2021-08-13,111
6700,2020-10-08,34
7425,2021-01-07,113
10292,2021-11-26,414
7892,2021-12-09,157
8334,2021-11-25,202
9787,2020-10-20,352
9123,2021-04-04,285
9894,2021-04-23,364
7642,2021-12-01,134
7673,2021-12-20,137
9590,2021-01-23,332
9447,2021-08-13,321
10212,2021-05-24,408
7334,2021-09-01,101
9983,2021-01-25,373
9500,2021-09-25,324
8929,2021-04-24,263
6718,2021-02-15,35
8016,2021-07-22,172
7065,2020-11-18,69
9450,2021-11-13,321
9402,2021-08-09,315
7777,2021-03-04,146
8272,2021-07-25,196
8515,2021-09-05,223
9224,2021-12-30,295
7595,2021-08-27,128
7304,2021-10-28,99
9710,2021-09-12,344
6543,2021-03-15,17
6706,2021-04-08,34
7947,2020-11-08,166
9570,2020-11-04,331
7854,2021-09-25,154
8903,2020-12-22,261
7138,2020-12-21,79
8499,2021-05-10,220
6690,2021-03-21,33
8133,2020-12-20,183
7753,2021-06-04,144
8156,2021-06-07,186
6450,2021-02-10,7
10271,2021-01-09,413
8924,2020-11-24,263
8375,2021-11-13,206
6940,2021-07-28,55
9082,2021-12-15,280
9748,2021-05-28,349
8130,2020-09-20,183
9506,2021-01-18,325
9340,2020-10-13,307
7062,2020-08-18,69
9534,2021-08-16,328
7908,2020-06-05,160
9408,2021-09-30,316
6999,2021-04-20,63
7565,2021-04-03,125
9979,2020-09-25,373
7271,2021-12-30,95
9859,2021-08-01,360
6682,2021-08-25,32
8939,2021-07-04,264
7353,2021-05-17,105
7783,2021-09-04,146
9640,2021-06-28,338
6835,2021-12-11,45
6472,2021-01-04,10
9165,2021-07-24,288
10268,2020-10-09,413
8522,2021-10-22,224
6493,2021-07-02,11
7769,2021-10-23,145
7142,2021-04-21,79
8475,2021-12-07,218
8829,2021-03-23,255
8573,2020-12-29,229
8969,2021-09-09,267
9232,2021-10-09,296
7206,2021-12-21,86
6629,2020-12-22,26
9586,2020-09-23,332
9805,2021-06-30,353
6555,2021-09-02,18
7199,2021-05-21,86
9858,2021-07-01,360
6576,2021-10-25,21
6856,2021-04-03,47
7858,2020-05-14,155
6632,2021-03-22,26
7204,2021-10-21,86
6659,2021-08-25,28
8696,2021-08-17,243
8881,2021-06-03,259
7933,2020-06-05,162
8693,2021-05-17,243
6886,2020-09-11,51
7368,2021-04-08,106
6638,2021-09-22,26
9933,2021-12-07,368
8170,2021-04-24,187
8983,2021-05-28,269
7187,2021-01-13,85
7513,2021-06-13,121
8152,2021-02-07,186
8346,2021-10-28,203
9466,2021-07-13,322
6696,2021-09-21,33
8820,2021-12-23,254
8972,2021-12-09,267
9293,2020-11-07,303
8739,2021-12-03,246
10165,2021-02-25,403
7110,2021-12-16,75
10135,2021-05-22,400
10296,2020-08-28,415
9003,2021-03-29,271
7194,2021-08-13,85
9646,2021-12-28,338
10309,2021-09-28,415
9041,2021-08-14,275
9264,2021-09-03,300
7072,2021-06-18,69
8268,2021-04-20,195
7296,2021-10-23,98
10274,2021-04-09,413
8211,2021-06-30,191
7652,2021-07-22,135
10137,2021-07-22,400
8047,2021-07-12,174
9769,2020-11-13,351
9163,2021-05-24,288
9049,2021-07-29,276
9566,2021-09-27,330
7024,2020-10-15,65
7401,2021-01-21,110
8744,2020-11-15,247
8310,2021-07-01,200
9399,2021-05-09,315
9613,2021-06-16,336
7950,2021-02-08,166
8292,2021-06-18,199
7645,2020-12-22,135
8535,2021-10-28,225
7167,2021-01-27,82
6906,2021-09-05,52
6549,2021-09-15,17
9510,2021-05-18,325
6374,2020-11-27,2
7348,2021-12-22,104
8967,2021-07-09,267
8836,2021-10-23,255
10250,2021-02-24,411
8920,2021-12-04,262
9119,2020-12-04,285
9006,2021-06-29,271
7888,2021-08-09,157
8476,2020-05-27,219
9599,2021-10-23,332
9482,2021-08-28,323
8938,2021-06-04,264
8545,2021-09-15,226
6481,2021-10-04,10
9236,2021-09-16,297
6572,2021-06-25,21
8909,2021-06-22,261
7943,2021-06-26,165
9156,2021-11-13,287
9840,2021-10-18,357
7302,2021-08-28,99
7040,2021-08-30,66
10288,2021-07-26,414
9758,2021-07-30,350
9155,2021-10-13,287
9346,2021-04-13,307
6466,2021-03-06,8
6980,2021-08-28,60
9493,2021-02-25,324
8296,2021-10-18,199
7573,2021-12-03,125
10167,2021-04-25,403
8265,2021-01-20,195
9808,2021-09-30,353
9255,2020-12-03,300
8355,2021-10-29,205
8728,2021-01-03,246
7239,2021-10-15,89
8593,2021-05-17,230
6941,2021-08-28,55
7674,2020-12-16,138
6916,2021-02-24,53
6809,2021-02-14,43
9950,2021-09-19,370
8263,2020-11-20,195
8242,2021-10-06,193
7758,2021-11-04,144
7580,2021-10-08,126
6527,2020-06-05,15
9166,2021-08-24,288
8132,2020-11-20,183
6817,2021-10-14,43
9308,2020-11-03,304
7742,2020-07-04,144
8812,2021-04-23,254
8591,2021-03-17,230
7637,2021-07-01,134
9145,2021-11-23,286
6568,2021-04-26,20
8478,2020-07-27,219
7732,2020-11-30,142
7834,2021-06-17,153
7189,2021-03-13,85
8594,2021-06-17,230
7626,2021-04-05,133
7012,2021-03-25,64
7127,2021-03-09,78
6837,2020-07-29,46
8194,2021-07-13,189
9238,2021-11-16,297
10193,2020-11-11,407
8868,2020-05-03,259
8421,2021-04-07,214
8467,2021-05-01,217
7209,2020-12-04,88
7837,2021-09-17,153
10048,2020-08-09,383
7496,2021-02-28,120
7953,2021-05-08,166
9929,2021-08-07,368
6625,2020-08-22,26
8224,2021-01-07,192
8009,2021-11-02,170
8539,2021-03-15,226
9603,2021-12-20,333
8541,2021-05-15,226
9350,2021-08-27,309
8243,2021-11-06,193
7307,2021-02-28,100
7737,2021-09-03,143
7814,2021-05-28,151
9420,2021-12-29,319
9948,2021-11-14,369
8021,2021-12-22,172
10319,2020-12-04,416
8837,2021-11-23,255
6514,2021-04-18,13
9618,2021-11-16,336
9413,2020-09-29,318
8641,2021-07-21,235
8094,2020-07-28,180
8611,2020-08-05,232
6653,2021-02-25,28
7698,2021-05-13,139
8028,2021-05-20,173
6928,2021-07-25,54
7170,2021-04-27,82
8579,2021-06-28,229
8530,2021-05-28,225
9655,2021-02-20,340
7207,2021-10-14,87
7103,2021-11-18,74
8366,2021-02-13,206
6704,2021-02-08,34
6373,2020-10-27,2
6956,2021-09-28,57
7291,2021-05-23,98
6957,2021-10-28,57
6558,2021-11-26,19
10285,2021-04-26,414
7995,2020-09-02,170
10313,2020-06-04,416
9991,2021-09-25,373
9000,2021-05-28,269
8236,2021-04-06,193
9358,2021-01-03,310
7824,2021-06-14,152
9615,2021-08-16,336
7470,2021-05-27,117
7168,2021-02-27,82
9747,2021-04-28,349
9910,2020-12-13,367
9947,2021-10-14,369
8362,2020-10-13,206
8439,2020-06-09,216
7056,2021-10-12,68
8189,2021-08-11,188
7624,2021-12-26,132
9715,2021-12-29,345
8103,2021-04-28,180
8320,2021-04-01,201
9885,2021-06-01,363
6463,2020-12-06,8
8897,2021-12-08,260
10239,2021-04-14,410
9079,2021-06-17,279
9709,2021-08-12,344
8148,2021-11-09,185
7665,2021-09-10,136
8395,2021-04-23,209
6797,2021-01-22,42
7570,2021-09-03,125
7420,2020-08-07,113
10033,2021-10-11,378
8732,2021-05-03,246
9658,2021-05-20,340
8303,2020-12-01,200
10034,2021-11-11,378
9733,2021-09-11,347
8071,2021-09-06,176
6480,2021-09-04,10
7023,2020-09-15,65
8852,2020-09-07,258
7461,2021-07-17,116
8822,2020-08-23,255
9501,2021-10-25,324
8666,2021-09-01,238
6801,2021-05-22,42
9390,2021-09-17,313
9373,2021-05-25,311
6726,2020-12-11,36
8977,2020-11-30,268
6860,2021-08-03,47
7913,2020-11-05,160
8953,2021-09-24,265
10075,2021-11-08,387
9093,2020-11-27,282
10149,2021-06-14,401
8221,2020-10-07,192
8963,2021-03-09,267
8327,2021-11-01,201
7430,2021-07-21,114
6930,2021-09-25,54
8309,2021-06-01,200
8420,2021-03-07,214
7968,2021-05-21,167
7086,2021-08-22,71
7988,2021-09-12,169
7035,2021-09-15,65
7689,2020-08-13,139
9120,2021-01-04,285
9704,2021-10-13,343
7360,2020-08-08,106
8729,2021-02-03,246
7471,2021-06-27,117
8448,2021-03-09,216
8716,2021-11-02,244
6803,2021-07-22,42
7280,2021-02-09,97
6646,2020-07-25,28
7564,2021-03-03,125
9111,2021-10-22,284
7106,2021-08-16,75
6701,2020-11-08,34
7490,2020-08-28,120
7351,2021-03-17,105
8237,2021-05-06,193
8569,2020-08-29,229
8659,2021-07-28,237
7330,2021-05-01,101
7147,2021-09-21,79
8307,2021-04-01,200
7855,2021-10-25,154
6641,2021-12-22,26
7265,2021-06-30,95
7333,2021-08-01,101
7443,2021-04-21,115
9552,2021-09-19,329
9707,2021-06-12,344
8692,2021-04-17,243
6796,2020-12-22,42
7266,2021-07-30,95
10187,2021-12-06,405
9630,2020-08-28,338
8039,2020-11-12,174
7611,2021-10-01,130
9554,2021-11-19,329
7729,2020-08-30,142
8410,2021-12-14,212
9821,2021-09-15,355
9069,2021-10-04,277
8114,2021-11-10,181
7526,2021-10-16,122
7386,2021-03-22,109
7831,2021-03-17,153
8257,2020-05-20,195
8720,2021-07-30,245
7445,2021-06-21,115
7094,2021-06-08,73
8925,2020-12-24,263
9745,2021-02-28,349
8501,2021-07-10,220
7158,2021-10-26,81
9268,2021-03-16,301
8483,2020-12-27,219
7358,2021-10-17,105
6489,2021-03-02,11
6619,2021-10-28,25
7480,2020-09-08,118
6919,2021-05-24,53
10007,2021-07-10,375
6824,2021-05-05,44
7067,2021-01-18,69
7044,2021-12-30,66
10225,2021-07-05,409
10131,2021-01-22,400
6936,2021-03-28,55
9097,2021-11-12,283
6599,2021-10-28,23
8196,2021-09-13,189
9675,2020-12-25,342
9043,2021-10-14,275
9767,2020-09-13,351
8910,2021-07-22,261
7976,2021-02-12,168
6575,2021-09-25,21
9370,2021-02-25,311
8250,2021-06-07,194
6845,2021-03-28,46
6475,2021-04-04,10
6528,2020-07-05,15
6750,2021-03-22,38
6953,2021-06-28,57
8063,2021-01-06,176
8376,2021-12-13,206
7692,2020-11-13,139
7174,2021-09-20,83
8497,2021-03-10,220
6570,2021-06-26,20
6408,2021-08-19,4
9014,2021-11-03,272
8602,2021-07-30,231
6847,2021-05-28,46
9995,2021-09-13,374
6517,2021-07-18,13
7259,2020-10-12,94
7922,2021-08-05,160
6370,2021-08-08,1
8823,2020-09-23,255
6740,2020-12-09,37
7866,2020-10-14,156
7014,2021-05-25,64
7900,2021-12-17,158
8749,2021-04-15,247
7439,2020-12-21,115
7060,2020-06-18,69
10305,2021-05-28,415
7572,2021-11-03,125
7381,2021-10-15,107
10130,2020-12-22,400
9530,2021-04-16,328
9100,2020-11-22,284
8838,2021-12-23,255
9125,2021-06-04,285
7654,2021-09-22,135
7083,2021-05-22,71
6504,2021-11-20,12
10205,2021-11-11,407
8665,2021-08-01,238
6561,2020-09-26,20
10360,2021-07-12,419
9988,2021-06-25,373
10127,2020-09-22,400
7258,2020-08-25,93
8956,2021-08-21,266
10126,2020-08-22,400
10283,2021-02-26,414
8345,2021-09-28,203
8166,2020-12-24,187
8679,2021-10-16,239
8498,2021-04-10,220
8256,2021-12-07,194
8324,2021-08-01,201
7162,2020-08-27,82
9331,2021-09-26,305
7394,2021-11-22,109
6815,2021-08-14,43
9431,2021-07-21,320
6423,2021-09-01,5
8192,2021-11-11,188
9318,2020-08-26,305
10062,2021-10-09,384
7299,2021-05-28,99
8178,2021-12-24,187
9911,2021-01-13,367
6781,2021-05-13,41
7029,2021-03-15,65
7647,2021-02-22,135
6488,2021-02-02,11
8167,2021-01-24,187
10030,2021-10-12,377
8723,2021-10-30,245
9921,2021-11-13,367
8363,2020-11-13,206
9795,2021-06-20,352
8706,2021-01-02,244
7977,2021-03-12,168
9768,2020-10-13,351
9471,2021-12-13,322
7667,2021-11-10,136
9179,2020-09-13,292
9152,2021-07-13,287
8461,2020-11-01,217
7997,2020-11-02,170
10184,2021-09-06,405
6607,2021-10-06,24
8764,2020-12-29,248
9186,2021-04-13,292
10001,2021-01-10,375
8908,2021-05-22,261
6669,2021-09-17,29
6829,2021-10-05,44
9557,2020-12-27,330
6608,2021-11-06,24
8426,2021-09-07,214
6938,2021-05-28,55
10357,2021-04-12,419
9018,2021-02-09,274
8934,2021-09-24,263
8669,2021-12-01,238
8228,2021-05-07,192
8713,2021-08-02,244
8484,2021-01-27,219
8872,2020-09-03,259
10150,2021-07-14,401
7143,2021-05-21,79
7840,2021-12-17,153
7000,2021-05-20,63
9987,2021-05-25,373
8493,2021-10-27,219
7823,2021-05-14,152
9637,2021-03-28,338
7122,2020-07-05,77
8927,2021-02-24,263
9267,2021-12-03,300
8227,2021-04-07,192
8941,2021-09-04,264
7830,2021-02-17,153
8817,2021-09-23,254
9064,2021-05-04,277
8627,2021-12-05,232
10240,2021-05-14,410
7159,2021-11-26,81
7911,2020-09-05,160
9869,2021-09-08,361
9132,2020-10-23,286
7380,2021-09-15,107
9033,2020-12-14,275
8371,2021-07-13,206
9567,2021-10-27,330
6971,2020-11-29,60
9584,2020-07-23,332
9551,2021-08-19,329
7243,2021-03-15,90
10282,2021-12-09,413
9661,2021-08-20,340
9914,2021-04-13,367
8086,2021-01-04,179
8134,2021-01-20,183
7610,2021-09-01,130
7217,2021-08-04,88
7598,2021-11-27,128
10300,2020-12-28,415
7728,2020-07-30,142
8742,2020-09-15,247
9857,2021-06-01,360
10151,2021-08-14,401
7583,2021-07-09,127
8137,2021-07-25,184
9060,2021-01-04,277
9273,2021-08-16,301
8056,2021-11-04,175
6554,2021-08-02,18
7808,2021-11-24,150
7965,2021-02-21,167
8370,2021-06-13,206
10229,2021-11-05,409
6371,2021-09-08,1
7703,2021-08-18,140
9418,2021-10-29,319
6921,2021-07-24,53
9330,2021-08-26,305
9624,2021-07-21,337
8245,2021-01-07,194
10269,2020-11-09,413
8505,2021-11-10,220
6927,2021-06-25,54
9396,2020-12-05,314
9430,2021-06-21,320
8578,2021-05-28,229
6962,2021-10-14,58
9266,2021-11-03,300
7367,2021-03-08,106
7804,2021-07-24,150
8849,2021-12-06,257
8955,2021-11-24,265
9654,2021-01-20,340
10194,2020-12-11,407
7224,2020-07-15,89
6894,2021-05-11,51
6686,2021-12-25,32
7354,2021-06-17,105
8072,2021-10-06,176
7899,2021-11-17,158
8564,2021-09-15,228
7030,2021-04-15,65
9341,2020-11-13,307
8507,2020-06-09,221
6863,2021-11-03,47
9696,2021-02-13,343
9549,2021-06-19,329
6379,2021-04-27,2
8547,2021-11-15,226
8961,2021-01-09,267
10241,2021-06-14,410
9253,2021-11-14,299
6398,2021-07-21,3
6876,2021-04-09,50
7713,2020-12-24,141
8867,2021-12-07,258
9796,2021-07-20,352
7458,2021-04-17,116
7740,2021-12-03,143
10112,2020-09-25,398
8510,2020-09-09,221
10182,2021-07-06,405
7451,2021-12-21,115
8954,2021-10-24,265
9241,2021-05-29,298
6738,2021-12-11,36
9591,2021-02-23,332
10355,2021-02-12,419
6687,2020-12-21,33
8394,2021-12-21,208
9050,2021-08-29,276
9899,2021-09-23,364
8855,2020-12-07,258
9824,2021-12-15,355
6943,2021-10-28,55
9923,2021-02-07,368
9935,2020-10-14,369
7791,2020-07-20,148
7061,2020-07-18,69
7586,2021-10-09,127
8216,2021-11-30,191
7918,2021-04-05,160
6826,2021-07-05,44
6452,2021-04-10,7
9981,2020-11-25,373
8260,2020-08-20,195
10063,2021-11-09,384
10280,2021-10-09,413
10042,2021-12-12,380
6802,2021-06-22,42
8622,2021-07-05,232
6823,2021-04-05,44
7941,2021-11-19,164
9546,2021-03-19,329
8915,2021-12-22,261
10342,2021-06-13,417
8033,2021-10-20,173
8466,2021-04-01,217
7300,2021-06-28,99
9203,2021-02-06,293
7284,2021-06-09,97
6955,2021-08-28,57
8413,2020-08-07,214
10045,2020-10-05,381
6419,2021-05-01,5
10020,2020-12-12,377
9543,2020-12-19,329
9909,2020-11-13,367
7254,2021-05-06,91
7319,2020-06-01,101
7927,2021-08-09,161
7395,2020-07-21,110
9522,2021-12-29,326
6585,2021-12-07,22
6910,2020-08-24,53
10072,2021-12-28,386
6416,2021-02-01,5
9032,2020-11-14,275
9680,2021-05-25,342
8526,2021-01-28,225
9883,2021-04-01,363
6968,2020-12-22,59
6593,2021-04-28,23
8185,2021-04-11,188
9274,2021-09-16,301
10304,2021-04-28,415
6944,2021-11-28,55
8034,2021-11-20,173
9130,2021-11-04,285
7310,2021-05-28,100
6782,2021-06-13,41
7973,2021-10-21,167
8540,2021-04-15,226
6675,2021-10-30,31
9727,2021-09-28,346
8373,2021-09-13,206
8246,2021-02-07,194
6902,2021-05-05,52
8266,2021-02-20,195
7680,2021-06-16,138
6499,2021-06-20,12
7344,2021-12-17,103
8104,2021-05-28,180
6990,2021-01-17,62
8984,2021-06-28,269
8585,2021-12-28,229
6651,2020-12-25,28
9045,2021-12-14,275
10310,2021-10-28,415
9271,2021-06-16,301
6698,2020-08-08,34
7324,2020-11-01,101
8660,2021-03-01,238
8987,2021-09-28,269
9475,2021-01-30,323
7731,2020-10-30,142
8690,2021-11-29,242
9101,2020-12-22,284
8891,2021-06-08,260
8288,2021-02-18,199
7545,2020-10-11,124
6428,2020-11-13,6
8427,2021-10-07,214
9753,2021-10-28,349
9781,2021-11-13,351
10258,2021-10-24,411
9967,2021-02-21,372
6506,2020-08-18,13
7620,2021-11-19,131
7403,2021-03-21,110
7286,2021-08-09,97
10025,2021-05-12,377
9015,2021-12-03,272
7719,2021-06-24,141
8020,2021-11-22,172
8636,2021-08-13,234
6565,2021-01-26,20
7952,2021-04-08,166
8712,2021-07-02,244
7436,2020-09-21,115
7134,2021-10-09,78
7525,2021-09-16,122
7229,2020-12-15,89
7202,2021-08-21,86
9503,2021-12-25,324
9040,2021-07-14,275
8879,2021-04-03,259
8215,2021-10-30,191
8618,2021-03-05,232
6882,2021-10-09,50
9349,2021-09-07,308
10144,2021-01-14,401
6811,2021-04-14,43
6406,2021-06-19,4
7535,2021-07-21,123
10154,2021-02-18,402
8721,2021-08-30,245
9771,2021-01-13,351
9218,2021-06-30,295
6976,2021-04-28,60
7085,2021-07-22,71
6715,2020-11-15,35
8587,2020-11-17,230
8235,2021-12-07,192
6530,2020-09-05,15
8503,2021-09-10,220
8485,2021-02-27,219
6596,2021-07-28,23
6564,2020-12-26,20
7121,2020-06-05,77
9281,2021-02-25,302
9127,2021-08-04,285
6852,2021-10-28,46
8382,2020-12-21,208
6623,2020-06-22,26
7562,2021-01-03,125
9207,2021-06-06,293
8457,2021-12-09,216
6907,2021-10-05,52
7347,2021-11-22,104
6924,2021-10-24,53
10008,2021-08-10,375
7154,2021-11-27,80
8290,2021-04-18,199
6730,2021-04-11,36
9633,2020-11-28,338
7559,2021-12-11,124
6812,2021-05-14,43
7785,2021-11-04,146
9701,2021-07-13,343
9793,2021-04-20,352
6775,2020-11-13,41
7410,2021-10-21,110
7292,2021-06-23,98
7980,2021-06-12,168
8477,2020-06-27,219
10002,2021-02-10,375
7166,2020-12-27,82
9272,2021-07-16,301
6390,2020-11-21,3
8153,2021-03-07,186
8195,2021-08-13,189
9342,2020-12-13,307
9094,2020-12-27,282
9139,2021-05-23,286
9031,2020-10-14,275
8811,2021-03-23,254
7531,2021-03-21,123
8400,2021-09-23,209
8590,2021-02-17,230
7806,2021-09-24,150
7810,2021-01-29,151
7581,2021-11-08,126
10198,2021-04-11,407
7429,2021-05-07,113
9997,2021-11-13,374
6442,2020-06-10,7
8349,2021-12-05,204
7787,2021-07-21,147
8206,2021-09-10,190
7870,2021-02-14,156
10281,2021-11-09,413
6368,2021-06-08,1
9066,2021-07-04,277
9087,2020-05-27,282
9182,2020-12-13,292
9996,2021-10-13,374
9470,2021-11-13,322
7070,2021-04-18,69
9220,2021-08-30,295
9092,2020-10-27,282
10224,2021-06-05,409
9884,2021-05-01,363
9589,2020-12-23,332
8664,2021-07-01,238
10166,2021-03-25,403
8186,2021-05-11,188
8825,2020-11-23,255
9648,2021-12-09,339
7393,2021-10-22,109
9891,2021-12-01,363
10053,2021-01-09,384
9876,2021-07-11,362
9964,2020-11-21,372
9382,2021-01-17,313
7237,2021-08-15,89
7135,2021-11-09,78
7730,2020-09-30,142
6369,2021-07-08,1
7537,2021-09-21,123
10326,2021-07-04,416
7508,2021-01-13,121
10164,2021-01-25,403
7932,2020-05-05,162
9499,2021-08-25,324
6461,2020-10-06,8
8106,2021-07-28,180
10138,2021-08-22,400
7450,2021-11-21,115
8123,2021-08-25,182
10188,2021-08-30,406
9242,2021-06-29,298
9600,2021-11-23,332
6846,2021-04-28,46
7961,2020-10-21,167
7571,2021-10-03,125
6816,2021-09-14,43
6770,2021-07-17,40
8405,2021-09-29,211
6974,2021-02-28,60
6433,2021-04-13,6
10322,2021-03-04,416
7250,2021-10-15,90
9295,2021-01-07,303
6685,2021-11-25,32
8762,2020-10-29,248
10189,2021-09-30,406
9362,2021-05-03,310
8085,2020-12-04,179
10083,2020-07-08,389
8657,2021-05-28,237
10163,2020-12-25,403
8727,2020-12-03,246
7176,2021-07-30,84
10347,2021-11-13,417
6734,2021-08-11,36
7844,2020-11-25,154
8239,2021-07-06,193
9276,2021-11-16,301
7762,2021-03-23,145
9606,2021-08-15,335
10069,2021-09-28,386
7059,2020-05-18,69
7669,2021-08-20,137
8996,2021-01-28,269
8139,2021-02-09,185
8978,2020-12-30,268
9275,2021-10-16,301
8554,2021-08-25,227
10078,2021-09-18,388
9099,2020-10-22,284
8803,2021-06-29,253
9348,2021-06-13,307
6552,2021-12-15,17
10036,2021-06-16,379
10171,2021-08-25,403
8880,2021-05-03,259
10140,2020-09-14,401
8711,2021-06-02,244
7341,2021-12-28,102
7726,2020-05-30,142
7472,2021-07-27,117
7119,2021-11-23,76
8886,2021-11-03,259
9056,2020-09-04,277
7409,2021-09-21,110
8396,2021-05-23,209
8769,2021-02-01,249
6633,2021-04-22,26
7938,2021-08-12,163
8471,2021-09-01,217
7920,2021-06-05,160
7638,2021-08-01,134
9494,2021-03-25,324
8241,2021-09-06,193
9202,2021-01-06,293
8699,2021-11-17,243
7688,2020-07-13,139
7053,2021-07-12,68
9410,2021-10-06,317
9622,2021-05-21,337
9356,2020-11-03,310
9770,2020-12-13,351
9959,2021-09-12,371
9813,2021-12-22,354
7185,2020-11-13,85
8219,2020-08-07,192
9128,2021-09-04,285
9799,2021-10-20,352
8789,2021-08-05,250
9529,2021-03-16,328
8131,2020-10-20,183
10361,2021-08-12,419
7805,2021-08-24,150
6898,2021-09-11,51
8328,2021-12-01,201
7957,2021-09-08,166
7960,2021-12-08,166
7686,2021-12-16,138
6531,2020-10-05,15
6853,2021-11-28,46
8681,2021-12-16,239
7704,2021-09-18,140
6680,2021-06-25,32
7157,2021-09-26,81
8644,2021-10-21,235
7929,2021-10-09,161
6566,2021-02-26,20
8202,2021-05-10,190
6725,2020-11-11,36
8671,2021-02-16,239
10077,2021-08-18,388
8845,2021-09-24,256
8550,2021-04-25,227
9571,2020-12-04,331
7514,2021-07-13,121
8036,2020-08-12,174
8101,2021-02-28,180
7511,2021-04-13,121
6748,2021-08-09,37
8500,2021-06-10,220
8031,2021-08-20,173
7889,2021-09-09,157
7397,2020-09-21,110
10153,2021-01-18,402
7406,2021-06-21,110
10350,2021-10-02,418
8496,2021-02-10,220
8958,2021-10-21,266
8595,2021-07-17,230
8567,2021-12-15,228
8898,2020-07-22,261
8141,2021-04-09,185
9772,2021-02-13,351
10076,2021-12-08,387
7986,2021-12-12,168
8871,2020-08-03,259
8755,2021-10-15,247
7491,2020-09-28,120
6610,2021-01-28,25
6771,2021-08-17,40
9076,2021-03-10,278
6392,2021-01-21,3
10019,2021-12-25,376
7766,2021-07-23,145
9662,2021-09-20,340
9189,2021-07-13,292
9628,2021-11-21,337
9711,2021-08-29,345
8730,2021-03-03,246
7218,2021-09-04,88
8258,2020-06-20,195
9752,2021-09-28,349
9698,2021-04-13,343
10301,2021-01-28,415
7618,2021-09-19,131
7773,2020-11-04,146
7917,2021-03-05,160
7042,2021-10-30,66
8663,2021-06-01,238
7724,2021-11-24,141
8997,2021-02-28,269
6783,2021-07-13,41
7365,2021-01-08,106
7841,2020-08-25,154
7001,2021-06-20,63
9843,2021-07-30,358
10237,2021-02-14,410
7912,2020-10-05,160
7940,2021-10-12,163
7739,2021-11-03,143
6672,2021-12-17,29
8282,2021-09-12,198
7677,2021-03-16,138
6969,2021-01-22,59
10092,2021-04-08,389
8078,2021-04-28,178
9290,2021-11-25,302
8667,2021-10-01,238
7192,2021-06-13,85
10118,2021-03-28,399
10318,2020-11-04,416
7907,2020-05-05,160
8385,2021-03-21,208
7629,2021-07-05,133
9634,2020-12-28,338
9042,2021-09-14,275
9221,2021-09-30,295
9877,2021-08-11,362
8847,2021-10-06,257
6455,2021-07-10,7
8907,2021-04-22,261
9329,2021-07-26,305
9687,2020-05-13,343
9455,2020-08-13,322
8979,2021-01-30,268
7032,2021-06-15,65
6838,2020-08-29,46
10287,2021-06-26,414
8808,2021-11-29,253
7485,2021-09-06,119
7148,2021-10-21,79
8992,2020-09-28,269
9379,2020-10-17,313
7251,2021-11-15,90
8267,2021-03-20,195
7816,2021-07-28,151
9448,2021-09-13,321
7621,2021-09-26,132
7371,2021-07-08,106
10201,2021-07-11,407
6814,2021-07-14,43
7575,2021-05-08,126
6851,2021-09-28,46
8682,2021-11-24,240
6418,2021-04-01,5
7507,2020-12-13,121
7836,2021-08-17,153
7459,2021-05-17,116
8442,2020-09-09,216
10099,2021-12-14,393
10022,2021-02-12,377
9580,2021-09-04,331
8023,2020-12-20,173
8640,2021-12-13,234
9688,2020-06-13,343
9674,2020-11-25,342
7909,2020-07-05,160
7882,2021-02-09,157
7456,2021-02-17,116
7567,2021-06-03,125
6790,2020-06-22,42
7944,2021-07-26,165
7793,2020-09-20,148
8763,2020-11-29,248
9108,2021-07-22,284
8251,2021-07-07,194
8269,2021-05-20,195
8113,2021-10-10,181
7663,2021-07-10,136
8050,2021-10-12,174
9828,2020-10-18,357
8923,2020-10-24,263
9676,2021-01-25,342
7076,2021-10-18,69
8336,2020-12-31,203
9476,2021-02-28,323
10145,2021-02-14,401
7951,2021-03-08,166
7183,2020-09-13,85
6487,2021-01-02,11
9029,2020-08-14,275
9357,2020-12-03,310
9652,2020-11-20,340
7601,2021-09-24,129
7712,2020-11-24,141
9561,2021-04-27,330
10101,2020-11-21,394
7039,2021-07-30,66
10210,2021-03-24,408
8906,2021-03-22,261
8181,2020-12-11,188
6670,2021-10-17,29
9866,2021-06-08,361
10156,2021-04-18,402
7734,2021-01-30,142
8489,2021-06-27,219
9098,2020-09-22,284
8655,2021-03-28,237
9850,2020-11-01,360
9113,2021-12-22,284
9138,2021-04-23,286
8390,2021-08-21,208
7798,2021-01-24,150
8159,2021-09-07,186
9714,2021-11-29,345
7483,2020-12-08,118
7574,2021-04-08,126
9881,2021-12-11,362
6981,2021-09-28,60
7484,2021-08-06,119
6441,2021-12-13,6
8462,2020-12-01,217
6388,2020-09-21,3
6640,2021-11-22,26
9209,2021-08-06,293
7295,2021-09-23,98
7860,2020-07-14,155
9746,2021-03-28,349
9385,2021-04-17,313
6448,2020-12-10,7
10147,2021-04-14,401
9254,2021-12-14,299
7277,2020-11-09,97
10302,2021-02-28,415
9419,2021-11-29,319
7364,2020-12-08,106
7829,2021-01-17,153
8364,2020-12-13,206
7813,2021-04-28,151
8743,2020-10-15,247
9702,2021-08-13,343
9020,2021-04-09,274
7880,2021-12-14,156
7596,2021-09-27,128
7996,2020-10-02,170
9789,2020-12-20,352
7452,2020-10-17,116
6597,2021-08-28,23
7930,2021-11-09,161
9742,2020-11-30,349
8661,2021-04-01,238
6668,2021-08-17,29
9953,2021-12-19,370
7921,2021-07-05,160
7370,2021-06-08,106
7488,2021-12-06,119
8748,2021-03-15,247
7069,2021-03-18,69
7087,2021-09-22,71
7156,2021-08-26,81
9468,2021-09-13,322
9314,2021-05-03,304
7115,2021-07-23,76
8935,2021-10-24,263
9181,2020-11-13,292
8700,2021-12-17,243
9737,2021-10-01,348
9563,2021-06-27,330
6620,2021-11-28,25
9820,2021-08-15,355
9322,2020-12-26,305
7566,2021-05-03,125
8576,2021-03-28,229
7125,2020-10-05,77
8768,2021-01-01,249
6887,2020-10-11,51
8001,2021-03-02,170
9261,2021-06-03,300
7007,2021-12-20,63
9810,2021-11-30,353
8965,2021-05-09,267
7975,2021-12-21,167
9678,2021-03-25,342
9901,2021-11-23,364
9169,2021-11-24,288
8404,2021-12-10,210
8302,2020-11-01,200
8962,2021-02-09,267
6479,2021-08-04,10
7171,2021-05-27,82
7897,2021-09-17,158
9786,2020-09-20,352
10316,2020-09-04,416
7887,2021-07-09,157
8887,2021-12-03,259
10110,2020-07-25,398
8175,2021-09-24,187
6538,2020-10-15,17
9969,2021-04-21,372
6880,2021-08-09,50
10221,2021-03-05,409
7651,2021-06-22,135
10195,2021-01-11,407
8431,2021-05-12,215
9191,2021-09-13,292
9659,2021-06-20,340
6875,2021-12-11,49
9071,2021-12-04,277
9807,2021-08-30,353
8773,2021-06-01,249
10032,2021-12-12,377
9980,2020-10-25,373
6427,2020-10-13,6
7144,2021-06-21,79
8160,2021-10-07,186
10275,2021-05-09,413
7881,2021-01-09,157
9277,2021-12-16,301
7617,2021-08-19,131
7034,2021-08-15,65
7540,2021-12-21,123
8287,2021-01-18,199
7314,2021-09-28,100
6877,2021-05-09,50
7287,2021-09-09,97
9952,2021-11-19,370
8083,2021-09-28,178
7521,2021-05-16,122
6498,2021-12-02,11
8986,2021-08-28,269
9422,2020-10-21,320
6874,2021-11-11,49
6948,2021-11-18,56
8055,2021-10-04,175
7431,2021-08-21,114
9643,2021-09-28,338
8098,2020-11-28,180
9360,2021-03-03,310
9547,2021-04-19,329
7405,2021-05-21,110
7761,2021-02-23,145
6478,2021-07-04,10
6664,2021-04-17,29
8600,2021-12-17,230
7004,2021-09-20,63
8381,2020-11-21,208
8081,2021-07-28,178
6604,2021-07-06,24
8425,2021-08-07,214
9393,2021-12-17,313
7220,2021-11-04,88
8051,2021-11-12,174
9992,2021-10-25,373
9035,2021-02-14,275
10332,2020-08-13,417
8289,2021-03-18,199
7487,2021-11-06,119
10346,2021-10-13,417
7440,2021-01-21,115
6533,2020-12-05,15
9495,2021-04-25,324
9686,2021-11-25,342
9303,2021-09-07,303
8704,2020-11-02,244
8698,2021-10-17,243
9383,2021-02-17,313
10207,2020-12-24,408
10312,2021-12-28,415
8278,2021-09-27,197
7754,2021-07-04,144
10010,2021-10-10,375
8902,2020-11-22,261
8722,2021-09-30,245
7455,2021-01-17,116
6966,2020-10-22,59
6784,2021-08-13,41
8892,2021-07-08,260
8032,2021-09-20,173
7853,2021-08-25,154
8164,2020-10-24,187
7510,2021-03-13,121
6857,2021-05-03,47
7701,2021-08-13,139
10211,2021-04-24,408
7268,2021-09-30,95
6806,2021-10-22,42
7015,2021-06-25,64
10284,2021-03-26,414
7715,2021-02-24,141
9937,2020-12-14,369
9002,2021-09-29,270
9930,2021-09-07,368
7942,2021-12-19,164
8037,2020-09-12,174
8360,2020-08-13,206
10152,2020-12-18,402
8807,2021-10-29,253
8687,2021-08-30,241
8129,2020-08-20,183
7679,2021-05-16,138
6485,2020-11-02,11
7801,2021-04-24,150
8191,2021-10-11,188
8102,2021-03-28,180
7542,2020-07-11,124
8494,2021-11-27,219
9577,2021-06-04,331
6991,2021-02-17,62
6382,2021-07-27,2
8358,2020-06-13,206
7625,2021-03-05,133
7678,2021-04-16,138
8990,2021-12-28,269
8255,2021-11-07,194
7653,2021-08-22,135
6713,2020-09-15,35
6872,2021-09-11,49
9377,2021-12-23,312
7682,2021-08-16,138
6779,2021-03-13,41
7482,2020-11-08,118
7241,2021-12-15,89
9620,2021-03-21,337
7515,2021-08-13,121
10199,2021-05-11,407
9572,2021-01-04,331
9651,2020-10-20,340
8797,2021-10-12,251
8343,2021-07-28,203
9135,2021-01-23,286
8973,2020-07-31,268
6622,2020-05-22,26
8417,2020-12-07,214
6540,2020-12-15,17
7097,2021-09-08,73
10213,2021-06-24,408
8877,2021-02-03,259
8517,2021-11-05,223
9353,2021-11-27,309
9989,2021-07-25,373
7612,2021-11-01,130
7516,2021-09-13,121
6757,2021-10-22,38
7346,2021-10-22,104
9270,2021-05-16,301
8372,2021-08-13,206
8834,2021-08-23,255
9184,2021-02-13,292
9890,2021-11-01,363
6399,2021-08-21,3
6560,2020-08-26,20
7233,2021-04-15,89
9369,2021-01-25,311
9223,2021-11-30,295
